17,The Dark,https://image.tmdb.org/t/p/w500//wZeBHVnCvaS2bwkb8jFQ0PwZwXq.jpg,https://image.tmdb.org/t/p/original//a4Py38dn64IQ4p4cBl0KcY2WV3h.jpg,Adèle and her daughter Sarah are traveling on the Welsh coastline to see her husband James when Sarah disappears. A different but similar looking girl appears who says she died in a past time. Adèle tries to discover what happened to her daughter as she is tormented by Celtic mythology from the past.,2005-09-28,87,One of the living for one of the dead.,5
83,Open Water,https://image.tmdb.org/t/p/w500//xOjcaWBNG2PvylJOhlkaqaAAKUr.jpg,https://image.tmdb.org/t/p/original//58BUQzjN6TH0bLe6JEfgMbHc55u.jpg,"Two divers are left out at sea without a boat. There’s nothing but water for miles, unless they look at what’s underneath them...",2004-08-06,79,Scream all you want.,5
136,Freaks,https://image.tmdb.org/t/p/w500//j2dwljljOrLTcnwfKeUBBeNB8t7.jpg,https://image.tmdb.org/t/p/original//yukdRXb2bhpwDtCHKvQpQ0q77pd.jpg,"A circus' beautiful trapeze artist agrees to marry the leader of side-show performers, but his deformed friends discover she is only marrying him for his inheritance.",1932-02-12,62,"The love story of a siren, a giant, and a dwarf!",7
138,Dracula,https://image.tmdb.org/t/p/w500//ueVSPt7vAba0XScHWTDWS5tNxYX.jpg,https://image.tmdb.org/t/p/original//cemjdP7HrUyJAry85vRT19Hidbi.jpg,"British estate agent Renfield travels to Transylvania to meet with the mysterious Count Dracula, who is interested in leasing a castle in London and is, unbeknownst to Renfield, a vampire. After Dracula enslaves Renfield and drives him to insanity, the pair sail to London together, and as Dracula begins preying on London socialites, the two become the subject of study for a supernaturalist professor, Abraham Van Helsing.",1931-02-12,72,The story of the strangest passion the world has ever known!,7
170,28 Days Later,https://image.tmdb.org/t/p/w500//w4SL5hv0qOanrN7GjwNgtjF1RtD.jpg,https://image.tmdb.org/t/p/original//veUl0QT8swshQ9Dz0fQ1k6ZkthD.jpg,"Twenty-eight days after a killer virus was accidentally unleashed from a British research facility, a small group of London survivors are caught in a desperate struggle to protect themselves from the infected. Carried by animals and humans, the virus turns those it infects into homicidal maniacs -- and it's absolutely impossible to contain.",2002-10-31,113,His fear began when he woke up alone. His terror began when he realised he wasn't.,7
176,Saw,https://image.tmdb.org/t/p/w500//pparEGTCxcTiImyVFoKD0LX11N8.jpg,https://image.tmdb.org/t/p/original//4QGrZLj7cAuHu53hJbnap5PT6ER.jpg,"Obsessed with teaching his victims the value of life, a deranged, sadistic serial killer abducts the morally wayward. Once captured, they must face impossible choices in a horrific game of survival. The victims must fight to win their lives back, or die trying...",2004-10-01,103,Live or die. Make your choice.,7
214,Saw III,https://image.tmdb.org/t/p/w500//dfl7ti4ataetiyoOg3SI0FA9KeP.jpg,https://image.tmdb.org/t/p/original//7QpzvBxlyP2cVYFZQLa4HmxgN7N.jpg,"Jigsaw has disappeared. Along with his new apprentice Amanda, the puppet-master behind the cruel, intricate games that have terrified a community and baffled police has once again eluded capture and vanished. While city detective scramble to locate him, Doctor Lynn Denlon and Jeff Reinhart are unaware that they are about to become the latest pawns on his vicious chessboard.",2006-10-27,114,Suffering? You Haven't Seen Anything Yet...,6
215,Saw II,https://image.tmdb.org/t/p/w500//gTnaTysN8HsvVQqTRUh8m35mmUA.jpg,https://image.tmdb.org/t/p/original//el6KuGEa3z4JwnsmLSlD0BCCedH.jpg,"When a new murder victim is discovered with all the signs of Jigsaw's hand, Detective Eric Matthews begins a full investigation and apprehends Jigsaw with little effort. But for Jigsaw, getting caught is just another part of his plan. Eight more of his victims are already fighting for their lives and now it's time for Matthews to join the game.",2005-10-28,89,Oh Yes... There Will Be Blood.,6
229,The Bride of Frankenstein,https://image.tmdb.org/t/p/w500//5241zUwe7rC17MNc2QpCBKKdp1N.jpg,https://image.tmdb.org/t/p/original//haPU3dCyYUTRN34ceyJrX4DAjZq.jpg,"After recovering from injuries sustained in the mob attack upon himself and his creation, Dr. Frankenstein falls under the control of his former mentor, Dr. Pretorius, who insists the now-chastened doctor resume his experiments in creating new life. Meanwhile, the Monster remains on the run from those who wish to destroy him without understanding that his intentions are generally good despite his lack of socialization and self-control.",1935-04-20,75,The monster demands a mate!,7
234,Das Cabinet des Dr. Caligari,https://image.tmdb.org/t/p/w500//myK9DeIsXWGKgUTZyGXg2IfFk0W.jpg,https://image.tmdb.org/t/p/original//m0N89MIIu6qYZcujCRzBHrkZbns.jpg,"Francis, a young man, recalls in his memory the horrible experiences he and his fiancée Jane recently went through. Francis and his friend Alan visit The Cabinet of Dr. Caligari, an exhibit where the mysterious doctor shows the somnambulist Cesare, and awakens him for some moments from his death-like sleep.",1920-02-27,77,You must become Caligari!,7
326,Snakes on a Plane,https://image.tmdb.org/t/p/w500//9wqWQ5rXQG6daMpowqwadGjI768.jpg,https://image.tmdb.org/t/p/original//bAG05yQkT56yFuLAETr12UfK05y.jpg,"America is on the search for the murderer Eddie Kim. Sean Jones must fly to L.A. to testify in a hearing against Kim. Accompanied by FBI agent Neville Flynn, the flight receives some unexpected visitors.",2006-08-06,105,Sit back. Relax. Enjoy the fright.,5
348,Alien,https://image.tmdb.org/t/p/w500//vfrQk5IPloGg1v9Rzbh2Eg3VGyM.jpg,https://image.tmdb.org/t/p/original//AmR3JG1VQVxU8TfAvljUhfSFUOx.jpg,"During its return to the earth, commercial spaceship Nostromo intercepts a distress signal from a distant planet. When a three-member team of the crew discovers a chamber containing thousands of eggs on the planet, a creature inside one of the eggs attacks an explorer. The entire crew is unaware of the impending nightmare set to descend upon them when the alien parasite planted inside its unfortunate host is birthed.",1979-05-25,117,In space no one can hear you scream.,8
377,A Nightmare on Elm Street,https://image.tmdb.org/t/p/w500//wGTpGGRMZmyFCcrY2YoxVTIBlli.jpg,https://image.tmdb.org/t/p/original//g9ROrZey0JYp7kf8DoAyZtKnObj.jpg,"Teenagers in a small town are dropping like flies, apparently in the grip of mass hysteria causing their suicides. A cop's daughter, Nancy Thompson, traces the cause to child molester Fred Krueger, who was burned alive by angry parents many years before. Krueger has now come back in the dreams of his killers' children, claiming their lives as his revenge. Nancy and her boyfriend, Glen, must devise a plan to lure the monster out of the realm of nightmares and into the real world...",1984-11-09,91,"If Nancy Doesn't Wake Up Screaming, She Won't Wake Up At All!",7
395,AVP: Alien vs. Predator,https://image.tmdb.org/t/p/w500//qUZctuoFL3VKOqeKxhnLwuEE4oF.jpg,https://image.tmdb.org/t/p/original//ngZbISZ0ArJjekZeipIzWVTe47X.jpg,"When scientists discover something in the Arctic that appears to be a buried Pyramid, they send a research team out to investigate. Little do they know that they are about to step into a hunting ground where Aliens are grown as sport for the Predator race.",2004-08-12,101,Whoever wins... We lose,5
440,Aliens vs Predator: Requiem,https://image.tmdb.org/t/p/w500//jCyJN1vj8jqJJ0vNw4hDH2KlySO.jpg,https://image.tmdb.org/t/p/original//ezIpXeWRd43inL5AOaaBbT4jaf2.jpg,"The iconic creatures from two of the scariest film franchises in movie history wage their most brutal battle ever—in our own backyard. The small town of Gunnison, Colorado becomes a war zone between two of the deadliest extra-terrestrial life forms—the Alien and the Predator. When a Predator scout ship crash-lands in the hills outside the town, Alien Facehuggers and a hybrid Alien/Predator are released and begin to terrorize the town.",2007-12-25,94,The Last Place On Earth We Want To Be Is In The Middle,5
467,The Hole,https://image.tmdb.org/t/p/w500//bi8z2hL0hwxP2ihy9P1s2XrT3or.jpg,https://image.tmdb.org/t/p/original//ddAc3R4c34Ceco2c4Zp1o13Vnyp.jpg,Four teenagers at a British private school secretly uncover and explore the depths of a sealed underground hole created decades ago as a possible bomb shelter.,2001-04-20,102,"Once you get in, you can't get out.",6
523,Requiem (2006),https://image.tmdb.org/t/p/w500//m42xNNYk3Nxs3xmucuKjl4zSjMc.jpg,https://image.tmdb.org/t/p/original//f95HJq5bwa3RsfJySjIR8mP8kPo.jpg,"Michaela, an epileptic, enrolls in college to study education. She goes off her medication and soon begins hearing voices and seeing apparitions that tell her to avoid religious objects, although she is devoutly Roman Catholic. One priest scoffs at the idea that Michaela could be possessed by demons, but a younger pastor arranges an exorcism for the young woman.",2006-03-02,92,She claimed she was possessed. There was no way to know for sure.,6
539,Psycho,https://image.tmdb.org/t/p/w500//nXjkXxpsE7ZGRCVd6PKkrf9tgsL.jpg,https://image.tmdb.org/t/p/original//5A9dsIpb7876nU9QrWEGziDmj0r.jpg,"When larcenous real estate clerk Marion Crane goes on the lam with a wad of cash and hopes of starting a new life, she ends up at the notorious Bates Motel, where manager Norman Bates cares for his housebound mother.",1960-06-22,109,A new—and altogether different—screen excitement!,8
561,Constantine,https://image.tmdb.org/t/p/w500//vPYgvd2MwHlxTamAOjwVQp4qs1W.jpg,https://image.tmdb.org/t/p/original//tIG8FwHRiHLOlWJdizp2oxdkSL2.jpg,"John Constantine has literally been to Hell and back. When he teams up with a policewoman to solve the mysterious suicide of her twin sister, their investigation takes them through the world of demons and angels that exists beneath the landscape of contemporary Los Angeles.",2005-02-08,121,"Hell Wants Him, Heaven Won't Take Him, Earth Needs Him.",7
565,The Ring,https://image.tmdb.org/t/p/w500//gghD2ZIPjMzLnnBuT3AZQGYnIW9.jpg,https://image.tmdb.org/t/p/original//kQOLgJGvFjQ7EwGfaPkW9dlGFXJ.jpg,"It sounded like just another urban legend: A videotape filled with nightmarish images, leading to a phone call foretelling the viewer's death in exactly seven days. As a newspaper reporter, Rachel Keller was naturally skeptical of the story, until four teenagers all met with mysterious deaths exactly one week after watching just such a tape. Allowing her investigative curiosity to get the better of her, Rachel tracks down the video... and watches it. Now she has just seven days to unravel the mystery of the Ring.",2002-10-18,115,"Before you die, you see.",6
571,The Birds,https://image.tmdb.org/t/p/w500//z0iYrJ6GsAMP3abOha7uGMuc5kZ.jpg,https://image.tmdb.org/t/p/original//mcD7oJjarjehBD7YWYOIfuNd8rE.jpg,"Chic socialite Melanie Daniels enjoys a passing flirtation with an eligible attorney in a San Francisco pet shop and, on an impulse, follows him to his hometown bearing a gift of lovebirds. But upon her arrival, the bird population runs amok. Suddenly, the townsfolk face a massive avian onslaught, with the feathered fiends inexplicably attacking people all over Bodega Bay.",1963-03-28,119,"...and remember, the next scream you hear may be your own!",7
572,Naboer,https://image.tmdb.org/t/p/w500//xqS5Y8f6EQy9i9YFuPuTlPRopV4.jpg,https://image.tmdb.org/t/p/original//fsghkzQNhOPe3Pmy70iSnWzJWtR.jpg,"After Ingrid leaves John, he allows himself to be pulled into a mystical and scary world where it is impossible to separate truth from lies.",2005-03-11,75,Some doors should never be opened.,6
573,Frenzy,https://image.tmdb.org/t/p/w500//4SFvqrlSigAt9tnhXFSMyKeJWQk.jpg,https://image.tmdb.org/t/p/original//5NWLgFDwDOsLXs5m0tTuyRm4SKa.jpg,"After a serial killer strangles several women with a necktie, London police identify a suspect—but he's the wrong man.",1972-04-14,116,Just an ordinary necktie used with a deadly new twist.,7
578,Jaws,https://image.tmdb.org/t/p/w500//s2xcqSFfT6F7ZXHxowjxfG0yisT.jpg,https://image.tmdb.org/t/p/original//3nYlM34QhzdtAvWRV5bN4nLtnTc.jpg,"When an insatiable great white shark terrorizes the townspeople of Amity Island, the police chief, an oceanographer and a grizzled shark hunter seek to destroy the blood-thirsty beast.",1975-06-18,124,Don't go in the water,7
579,Jaws 2,https://image.tmdb.org/t/p/w500//cN3ijEwsn4kBaRuHfcJpAQJbeWe.jpg,https://image.tmdb.org/t/p/original//q46nyik6GeDkUV6wQGiZQ97UuP6.jpg,Police chief Brody must protect the citizens of Amity after a second monstrous shark begins terrorizing the waters.,1978-06-16,116,Just when you thought it was safe to go back in the water...,5
580,Jaws: The Revenge,https://image.tmdb.org/t/p/w500//kGiaOztahZV2x7bil7sbk7fb6ob.jpg,https://image.tmdb.org/t/p/original//cJyQfwSEa5IjOdeNTuiWjciVbou.jpg,"After another deadly shark attack, Ellen Brody decides she has had enough of New England's Amity Island and moves to the Caribbean to join her son, Michael, and his family. But a great white shark has followed her there, hungry for more lives.",1987-07-17,89,"This time, it’s personal.",4
588,Silent Hill,https://image.tmdb.org/t/p/w500//4NAVF9R5pUPOTdPQStom4VsjoTY.jpg,https://image.tmdb.org/t/p/original//29BCwmpV9HQUekAGlJLplkslRRf.jpg,"In search for answers, a mother travels to the enigmatic town of Silent Hill when her daughter begins to suffer recurring nightmares related to the place. It doesn't take long for her to discover its home to beings as equally haunting as the town itself.",2006-04-21,125,We've been expecting you.,6
609,Poltergeist,https://image.tmdb.org/t/p/w500//xPazCcKp62IshnLVf9BLAjf9vgC.jpg,https://image.tmdb.org/t/p/original//bvkPno6U02lLyvPWCnmibq4eIaN.jpg,"Steve Freeling lives with his wife, Diane, and their three children, Dana, Robbie, and Carol Anne, in Southern California where he sells houses for the company that built the neighborhood. It starts with just a few odd occurrences, such as broken dishes and furniture moving around by itself. However, when he realizes that something truly evil haunts his home, Steve calls in a team of parapsychologists led by Dr. Lesh to help before it's too late.",1982-06-04,114,They're here,7
626,Un chien andalou,https://image.tmdb.org/t/p/w500//obvE7ElAvCUhKtWFwDSvNbPw9PV.jpg,https://image.tmdb.org/t/p/original//7Whw0upuev7c9hmOLXXM3ZqcVDQ.jpg,"Un Chien Andalou is an European avant-garde surrealist film, a collaboration between director Luis Buñuel and Salvador Dali.",1929-06-05,21,tagline,7
628,Interview with the Vampire,https://image.tmdb.org/t/p/w500//2162lAT2MP36MyJd2sttmj5du5T.jpg,https://image.tmdb.org/t/p/original//3fChciF2G1wXHsyTfJD9y7uN6Il.jpg,"A vampire relates his epic life story of love, betrayal, loneliness, and dark hunger to an over-curious reporter.",1994-11-11,123,Drink from me and live forever,7
635,Angel Heart,https://image.tmdb.org/t/p/w500//h5v3wjJQNB7q2RntEnKDLhKtTFE.jpg,https://image.tmdb.org/t/p/original//obGPqu6au39YtemauKWI4ihWPrS.jpg,"Down-and-out private detective Harry Angel is ordered by the mysterious Louis Cyphre to go on a mission to find a missing person. His routine failure soon leads to a bloody spar with himself, as he goes on a supernatural journey into his own soul.",1987-03-06,113,Harry Angel has been hired in search for the truth. Pray he doesn't find it.,7
653,"Nosferatu, eine Symphonie des Grauens",https://image.tmdb.org/t/p/w500//zx24O7VAs6NbJhiIrUhWysAiHS0.jpg,https://image.tmdb.org/t/p/original//52gih8jlehFbi208tdlVOkluDn2.jpg,Vampire Count Orlok is interested in a new residence and in his real estate agent’s young wife. F. W. Murnau’s unauthorized adaptation of Bram Stoker’s “Dracula.”,1922-02-17,94,A symphony of horror.,7
663,Saw IV,https://image.tmdb.org/t/p/w500//wd6mhwDjlpeOufuMUF1FAeMliWZ.jpg,https://image.tmdb.org/t/p/original//kdrLxbTG0qCTbeAvzCUXBhPVONg.jpg,"Jigsaw and his apprentice Amanda are dead. Now, upon the news of Detective Kerry's murder, two seasoned FBI profilers, Agent Strahm and Agent Perez, arrive in the terrified community to assist the veteran Detective Hoffman in sifting through Jigsaw's latest grisly remains and piecing together the puzzle. However, when SWAT Commander Rigg is abducted and thrust into a game, the last officer untouched by Jigsaw has but ninety minutes to overcome a series of demented traps and save an old friend...or face the deadly consequences.",2007-10-25,96,You think it is over...but the games have just begun,6
694,The Shining,https://image.tmdb.org/t/p/w500//mvgwG8ReKxwinHcKwdoRUgmUJqo.jpg,https://image.tmdb.org/t/p/original//AdKA2F1SzYPhSZdEbjH1Zh75UVQ.jpg,"Jack Torrance accepts a caretaker job at the Overlook Hotel, where he, along with his wife Wendy and their son Danny, must live isolated from the rest of the world for the winter. But they aren't prepared for the madness that lurks within.",1980-05-23,144,"He came as the caretaker, but this hotel had its own guardians - who'd been there a long time",8
747,Shaun of the Dead,https://image.tmdb.org/t/p/w500//dgXPhzNJH8HFTBjXPB177yNx6RI.jpg,https://image.tmdb.org/t/p/original//mrdHbaCp3ysDrzUHle5eQlY9Vzu.jpg,"Shaun lives a supremely uneventful life, which revolves around his girlfriend, his mother, and, above all, his local pub. This gentle routine is threatened when the dead return to life and make strenuous attempts to snack on ordinary Londoners.",2004-04-09,99,A romantic comedy. With zombies.,7
755,From Dusk Till Dawn,https://image.tmdb.org/t/p/w500//kwhlLAlxIHLSbwOukBQkDJK7NGA.jpg,https://image.tmdb.org/t/p/original//xbeAyr3lUNrp34YdkupZoaQjntb.jpg,"Seth Gecko and his younger brother Richard are on the run after a bloody bank robbery in Texas. They escape across the border into Mexico and will be home-free the next morning, when they pay off the local kingpin. They just have to survive 'from dusk till dawn' at the rendezvous point, which turns out to be a Hell of a strip joint.",1996-01-19,108,One night is all that stands between them and freedom. But it's going to be a hell of a night.,7
763,Braindead,https://image.tmdb.org/t/p/w500//pa39D8TQs6aNw3hiUs4jLjHVUB0.jpg,https://image.tmdb.org/t/p/original//te7PK3CrO7SWeNaiGfswWqpM4eH.jpg,"When a Sumatran rat-monkey bites Lionel Cosgrove's mother, she's transformed into a zombie and begins killing (and transforming) the entire town while Lionel races to keep things under control.",1992-08-13,103,Some things won't stay down... even after they die.,7
764,The Evil Dead,https://image.tmdb.org/t/p/w500//uYxQ6xhP3WjqPZtxyAOnZQWnZqn.jpg,https://image.tmdb.org/t/p/original//wDnVnnCiavROZ2YeVqSPwFw5jec.jpg,"When a group of college students finds a mysterious book and recording in the old wilderness cabin they've rented for the weekend, they unwittingly unleash a demonic force from the surrounding forest.",1981-09-10,85,The Ultimate Experience In Grueling Terror,7
765,Evil Dead II,https://image.tmdb.org/t/p/w500//4zqCKJVHUolGs6C5AZwAZqLWixW.jpg,https://image.tmdb.org/t/p/original//ydtiv4viB9l6AMuZxeCPjImcA5E.jpg,"Ash Williams and his girlfriend Linda find a log cabin in the woods with a voice recording from an archeologist who had recorded himself reciting ancient chants from ""The Book of the Dead."" As they play the recording an evil power is unleashed taking over Linda's body.",1987-03-13,84,The Sequel To The Ultimate Experience In Grueling Terror.,7
766,Army of Darkness,https://image.tmdb.org/t/p/w500//mOsWtjRGABrPrqqtm0U6WQp4GVw.jpg,https://image.tmdb.org/t/p/original//5Tfj9mbCq8KzJZ1cnPEWPhqecI7.jpg,"Ash is transported back to medieval days, where he is captured by the dreaded Lord Arthur. Aided by the deadly chainsaw that has become his only friend, Ash is sent on a perilous mission to recover the Book of the Dead, a powerful tome that gives its owner the power to summon an army of ghouls.",1992-10-31,81,Trapped in time. Surrounded by evil. Low on gas.,7
768,From Hell,https://image.tmdb.org/t/p/w500//t2WpWM8nBO4sULXr2bDfNEt4qgr.jpg,https://image.tmdb.org/t/p/original//xo2S7gRwCvWdVqM0Swv37yA2rzw.jpg,Frederick Abberline is an opium-huffing inspector from Scotland Yard who falls for one of Jack the Ripper's prostitute targets in this Hughes brothers adaption of a graphic novel that posits the Ripper's true identity.,2001-02-08,122,Only the legend will survive.,6
779,Vampyr - Der Traum des Allan Grey,https://image.tmdb.org/t/p/w500//m7BKgeW06cgW5512wukfGhLsWGL.jpg,https://image.tmdb.org/t/p/original//rg3hBiQbDet8uNQkgfbpk7306p8.jpg,"Traveler Allan Gray arrives in the village of Courtempierre and takes lodgings in a small inn. Gray has a great interest in the supernatural, particularly vampires. He's barely settled in when he feels a sinister force descending upon him. In the night an old man enters his room to tell him 'she must not die'. One of the old man's daughters, Leone, has been bitten by a vampire. In order to break the curse, Gray and Leone's sister Gisele must find the original vampire and drive a stake through her heart.",1932-05-06,74,tagline,7
790,The Fog,https://image.tmdb.org/t/p/w500//gZmdq8HB8SBdOHk5XarjCZIiGGk.jpg,https://image.tmdb.org/t/p/original//ezxy4ncmiQEJdtlcHMak1KUhHtA.jpg,"Strange things begin to occurs as a tiny California coastal town prepares to commemorate its centenary. Inanimate objects spring eerily to life; Rev. Malone stumbles upon a dark secret about the town's founding; radio announcer Stevie witnesses a mystical fire; and hitchhiker Elizabeth discovers the mutilated corpse of a fisherman. Then a mysterious iridescent fog descends upon the village, and more people start to die.",1980-02-08,89,Lock your doors. Bolt your windows. There's something in THE FOG!,6
794,The Omen,https://image.tmdb.org/t/p/w500//p0LcWxOIoBx0MEZMn8tFcrvDXR1.jpg,https://image.tmdb.org/t/p/original//lOshblIfomMbZClGRZ83lSU8bN7.jpg,"Immediately after their miscarriage, the US diplomat Robert Thorn adopts the newborn Damien without the knowledge of his wife. Yet what he doesn’t know is that their new son is the son of the devil.",1976-06-06,111,It is the greatest mystery of all because no human being will ever solve it.,7
805,Rosemary's Baby,https://image.tmdb.org/t/p/w500//s8pdaHjxNPLXIA1WjSTWm00RJTz.jpg,https://image.tmdb.org/t/p/original//o3u8EkZHoXz8xqU1dprpmCkhzSG.jpg,"A young couple, Rosemary and Guy, moves into an infamous New York apartment building, known by frightening legends and mysterious events, with the purpose of starting a family.",1968-06-12,138,It's not what you're expecting,7
814,An American Werewolf in London,https://image.tmdb.org/t/p/w500//hN333m776qWYnbjTTcykwClYNgx.jpg,https://image.tmdb.org/t/p/original//4js6VLf6qHWUbW42BpXiQKPBP7t.jpg,Two American tourists in England are attacked by a werewolf that none of the locals will admit exists.,1981-08-21,97,Beware the Moon.,7
827,Les Diaboliques,https://image.tmdb.org/t/p/w500//pNcwhz3Eyfn3KQ2XykTozbARMpr.jpg,https://image.tmdb.org/t/p/original//oMpX8thZFDVZNS4j240HYSMMvyg.jpg,"The cruel and abusive headmaster of a boarding school, Michel Delassalle, is murdered by an unlikely duo -- his meek wife and the mistress he brazenly flaunts. The women become increasingly unhinged by a series of odd occurrences after Delassalle's corpse mysteriously disappears.",1955-01-29,117,"See it, be amazed at it, but... BE QUIET ABOUT IT!",7
831,This Island Earth,https://image.tmdb.org/t/p/w500//2viRDpHmhzQoreZok2auLjkVbSE.jpg,https://image.tmdb.org/t/p/original//inQQLXDOkb3jwDqNqHF8Lnel6yU.jpg,"Aliens have landed and are hiding on Earth, but need Earth’s scientists to help them fight an inter-planetary war.",1955-06-01,87,tagline,6
837,Videodrome,https://image.tmdb.org/t/p/w500//w5bqL9IiGIH0g4oq7ExFEq4KSl4.jpg,https://image.tmdb.org/t/p/original//kIQszOniJOd1ULFUfdk4yDR0W5c.jpg,"As the president of a trashy TV channel, Max Renn is desperate for new programming to attract viewers. When he happens upon ""Videodrome,"" a TV show dedicated to gratuitous torture and punishment, Max sees a potential hit and broadcasts the show on his channel. However, after his girlfriend auditions for the show and never returns, Max investigates the truth behind Videodrome and discovers that the graphic violence may not be as fake as he thought.",1983-02-04,88,First it controls your mind. Then it destroys your body.,7
919,Blood: The Last Vampire,https://image.tmdb.org/t/p/w500//uRwR5lcl55n5JSaTiYPwp5KjP6A.jpg,https://image.tmdb.org/t/p/original//17s9ojb8j8QnBGCfqDUJraXLlFi.jpg,"In Japan, the vampire-hunter Saya, who is a powerful original, is sent by her liaison with the government, David, posed as a teenage student to the Yokota High School on the eve of Halloween to hunt down vampires. Saya asks David to give a new katana to her. Soon she saves the school nurse Makiho Amano from two vampires disguised of classmates and Makiho witnesses her fight against the powerful demon.",2000-11-18,48,tagline,6
923,Dawn of the Dead,https://image.tmdb.org/t/p/w500//9kGESwH451kRgm1h6Q0svAVK60N.jpg,https://image.tmdb.org/t/p/original//9OKzKuCfcMwpHVp56pjNI7J4xXR.jpg,"During an ever-growing epidemic of zombies that have risen from the dead, two Philadelphia SWAT team members, a traffic reporter, and his television-executive girlfriend seek refuge in a secluded shopping mall.",1978-09-02,127,"When there’s no more room in hell, the dead will walk the earth.",7
927,Gremlins,https://image.tmdb.org/t/p/w500//72Y1X9pMSjXQ7mKB6pBEoMhL0OQ.jpg,https://image.tmdb.org/t/p/original//5UX6M0aEphiW6Xmy5rpYX75glbo.jpg,"When Billy Peltzer is given a strange but adorable pet named Gizmo for Christmas, he inadvertently breaks the three important rules of caring for a Mogwai, and unleashes a horde of mischievous gremlins on a small town.",1984-06-07,106,"Don't get him wet, keep him out of bright light, and never NEVER feed him after midnight.",7
928,Gremlins 2: The New Batch,https://image.tmdb.org/t/p/w500//jN7yvxnIHRozhq2mzWZDE5GPRc0.jpg,https://image.tmdb.org/t/p/original//iR3tV8NXFls4UKzPA60D4zrI7Jh.jpg,"Young sweethearts Billy and Kate move to the Big Apple, land jobs in a high-tech office park and soon reunite with the friendly and lovable Gizmo. But a series of accidents creates a whole new generation of Gremlins. The situation worsens when the devilish green creatures invade a top-secret laboratory and develop genetically altered powers, making them even harder to destroy!",1990-06-15,106,Here they grow again.,6
931,Don't Look Now,https://image.tmdb.org/t/p/w500//mq3TW9GiF9MNlIEjnlL7D9X9tbx.jpg,https://image.tmdb.org/t/p/original//ncR3qobdIDYEAI1DqKmJQbHE8YA.jpg,"Laura and John, grieved by a terrible loss, meet in Venice, where John is in charge of the restoration of a church, two mysterious sisters, one of whom gives them a message sent from the afterlife.",1973-12-03,110,Pass the warning.,7
948,Halloween,https://image.tmdb.org/t/p/w500//qVpCaBcnjRzGL3nOPHi6Suy0sB6.jpg,https://image.tmdb.org/t/p/original//aRka9neADW1M0Zf9lF8kW2jEgXe.jpg,Michael Myers escaped from the Illinois State Mental Hospital after 15 years of treatment for the brutal murder of his sister and has returned to Haddonfield to relieve his crime. What follows is a reign of terror. He came home for Halloween and may return.,1978-10-24,91,The night he came home!,7
964,The Phantom of the Opera,https://image.tmdb.org/t/p/w500//itfhSxbIgsan85iY1NrquIx7qxo.jpg,https://image.tmdb.org/t/p/original//17ZkVS5tRj4R9dUqDdy626HCZPv.jpg,"A grotesquely disfigured composer known as ""The Phantom"" haunts Paris' opera house, where he's secretly grooming Christine Daae to be an opera diva. Luring her to his remote underground lair, The Phantom declares his love. But Christine loves Raoul de Chagny and plans to elope with him. When The Phantom learns this, he abducts Christine.",1925-09-22,101,The greatest horror film of modern cinema!,7
985,Eraserhead,https://image.tmdb.org/t/p/w500//fjq2xZvWWKZJtg8FGNHXdbVoAAf.jpg,https://image.tmdb.org/t/p/original//scWdHZPuG1Fz3xheYSQ7Bf36uOc.jpg,"Henry Spencer tries to survive his industrial environment, his angry girlfriend, and the unbearable screams of his newly born mutant child.",1978-02-03,89,Where your nightmares end...,7
1091,The Thing,https://image.tmdb.org/t/p/w500//tzGY49kseSE9QAKk47uuDGwnSCu.jpg,https://image.tmdb.org/t/p/original//fOl0FJ81VoQU0BlRgXA3aVeNlXE.jpg,"Members of an American scientific research outpost in Antarctica find themselves battling a parasitic alien organism capable of perfectly imitating its victims. They soon discover that this task will be harder than they thought, as they don't know which members of the team have already been assimilated and their paranoia threatens to tear them apart.",1982-06-25,109,Man is The Warmest Place to Hide.,8
1248,Hannibal Rising,https://image.tmdb.org/t/p/w500//7FTDMQoac0uqJUquZk4KenDzLMZ.jpg,https://image.tmdb.org/t/p/original//uJXqTOlv18WoA5NrkI3oo3ZzccG.jpg,"The story of the early, murderous roots of the cannibalistic killer, Hannibal Lecter – from his hard-scrabble Lithuanian childhood, where he witnesses the repulsive lengths to which hungry soldiers will go to satiate themselves, through his sojourn in France, where as a med student he hones his appetite for the kill.",2007-02-06,121,It started with revenge.,6
1255,괴물,https://image.tmdb.org/t/p/w500//dEDLY3KeghKFzks5nTDWdigVikr.jpg,https://image.tmdb.org/t/p/original//xENJCaWyezrEn3IvFCGuPHAuwUV.jpg,"Following the dumping of gallons of toxic waste in the river, a giant mutated squid-like appears and begins attacking the populace. Gang-du's daughter Hyun-seo is snatched up by the creature; with his family to assist him, he sets off to find her.",2006-07-27,120,Monsters are real,7
1256,In 3 Tagen bist du tot,https://image.tmdb.org/t/p/w500//9OqDWRgUDtrkLZ57RwyMz8NzV81.jpg,https://image.tmdb.org/t/p/original//L7EFekOOIN1bw9gj8NCHNmrZlN.jpg,"When Nina and her high school friends receive eerie text messages declaring that they will all die within three days, they dismiss it as a hokey prank - until one by one, the pals start turning up dead in the alpine countryside. With the cops stymied, Nina and her remaining friends must scour their past for clues to identify the madman before he kills them all.",2006-07-21,97,tagline,5
1359,American Psycho,https://image.tmdb.org/t/p/w500//3ddHhfMlZHZCefHDeaP8FzSoH4Y.jpg,https://image.tmdb.org/t/p/original//alWtP7JwoanQyqXzg3PCbEFrfwS.jpg,"A wealthy New York investment banking executive hides his alternate psychopathic ego from his co-workers and friends as he escalates deeper into his illogical, gratuitous fantasies.",2000-04-13,102,I think my mask of sanity is about to slip.,7
1423,Flying Saucer Rock 'N' Roll,https://image.tmdb.org/t/p/w500/,https://image.tmdb.org/t/p/original/,Flying Saucer Rock N Roll is the debut feature film from the father-son duo Eric and Joe Callero. The year is 1957 as a group of rockabilly and beatnik teens are visited by weed smoking Martian zombies who have come to take their earth women. Filmed with respect for classic horror films and full of laughs as the viewer is taken on an adventure like no other.,2006-03-18,85,tagline,3
1433,El espinazo del diablo,https://image.tmdb.org/t/p/w500//es3NIsfzm3rlyjzqDV2fCoJRwTX.jpg,https://image.tmdb.org/t/p/original//9qJm5XhdgFWkHZIAwm7TurLxQIy.jpg,"Spain, 1939. In the last days of the Spanish Civil War, the young Carlos arrives at the Santa Lucía orphanage, where he will make friends and enemies as he follows the quiet footsteps of a mysterious presence eager for revenge.",2001-04-20,108,What is a ghost?,7
1448,The Wisdom of Crocodiles,https://image.tmdb.org/t/p/w500//neFQlILZLL7U6XfH5hI7nKsLHiM.jpg,https://image.tmdb.org/t/p/original//rKY8SodMU6NnTVPSrxIBhzBJDPn.jpg,A vampire in London is searching for the ideal woman to 'redeem' him.,1998-11-27,98,tagline,5
1450,Blood: The Last Vampire (Live Action),https://image.tmdb.org/t/p/w500//uzuYpbdFkNYqnBdOvhWqZxhHa5C.jpg,https://image.tmdb.org/t/p/original//ryBUkjVLKjSJOTgBfxHrdu7rxG0.jpg,"On the surface, Saya is a stunning 16-year-old, but that youthful exterior hides the tormented soul of a 400-year-old ""halfling"". Born to a human father and a vampire mother, she has for centuries been a loner obsessed with using her samurai skills to rid the world of vampires, all the while knowing that she herself can survive only on blood like those she hunts.",2009-04-02,91,"Where evil grows, she preys.",5
1483,Begotten,https://image.tmdb.org/t/p/w500//j6LJwe48xKnQVmHeL4DZUwuAd2c.jpg,https://image.tmdb.org/t/p/original//1vSPlCXoiFpk8y19D1UadakS4gn.jpg,"Begotten is the creation myth brought to life, the story of no less than the violent death of God and the (re)birth of nature on a barren earth.",1991-06-05,72,tagline,5
1547,The Lost Boys,https://image.tmdb.org/t/p/w500//nH1lvyQvfbL5GKScTtT6zkIvDEn.jpg,https://image.tmdb.org/t/p/original//m4vNXgy0EfvOSSXMWJC6FfMSyIR.jpg,A mother and her two teenage sons move to a seemingly nice and quiet small coastal California town yet soon find out that it's overrun by bike gangs and vampires. A couple of teenage friends take it upon themselves to hunt down the vampires that they suspect of a few mysterious murders and restore peace and calm to their town.,1987-07-31,97,Sleep all day. Party all night. Never grow old. Never die. It's fun to be a vampire.,7
1551,Flatliners,https://image.tmdb.org/t/p/w500//wda3j7p7YHXKpFIlSzoTCtP7myF.jpg,https://image.tmdb.org/t/p/original//f6HK5Uk9LQwPpdcdQA5BIhcNa6f.jpg,"Five medical students want to find out if there is life after death. They plan to stop one of their hearts for a few seconds, thus simulating death, and then bring the person back to life.",1990-08-10,115,Some lines shouldn't be crossed,6
1560,Singapore Sling: Ο άνθρωπος που αγάπησε ένα πτώμα,https://image.tmdb.org/t/p/w500//61qTmbRikcUUnvMxcU5xv9RUUTO.jpg,https://image.tmdb.org/t/p/original//q1B2ynMiQlkRFdYe9U9g8S6GgGF.jpg,"Singapore Sling is chasing after Laura, a romantic memory from his past. One night he finds himself in a mysterious villa, watching two women bury a body. He falls into their trap and, in an atmosphere of isolation and decadence, the trio act out insane pleasure games and a ritual of blood and murder.",1990-12-06,112,Trapped in a Deadly Game of Torture and Murder!,7
1562,28 Weeks Later,https://image.tmdb.org/t/p/w500//ja8nzgtzhJq0vtX3BJcnbceIxCF.jpg,https://image.tmdb.org/t/p/original//PN7yjmQdmG0J62jsrtmrPi8ezK.jpg,"The inhabitants of the British Isles have lost their battle against the onslaught of disease, as the deadly rage virus has killed every citizen there. Six months later, a group of Americans dare to set foot on the isles, convinced the danger has come and gone. But it soon becomes all too clear that the scourge continues to live, waiting to pounce on its next victims.",2007-04-26,100,When days turn to weeks... the horror returns.,6
1569,Pig,https://image.tmdb.org/t/p/w500//fQLT9GIf3UKyc9ZVdKZIAms4koS.jpg,https://image.tmdb.org/t/p/original/,"A young man journeys through a desert, where he is kidnapped by a sadistic stranger clad in a pig mask. The stranger proceeds to brutally torture the young man, who then finds himself escaping into his imagination, with fantasy and reality intersecting.",1999-01-01,23,tagline,5
1576,Resident Evil,https://image.tmdb.org/t/p/w500//1UKNef590A0ZaMnxsscIcWuK1Em.jpg,https://image.tmdb.org/t/p/original//5pGWjnM62Zs0S1xRf3TDL1Xizr.jpg,"When a virus leaks from a top-secret facility, turning all resident researchers into ravenous zombies and their lab animals into mutated hounds from hell, the government sends in an elite military task force to contain the outbreak. Alice and Rain are charged with leading the mission. But they only have three hours before the pathogen becomes airborne and infects the world.",2002-03-15,100,A secret experiment. A deadly virus. A fatal mistake.,6
1577,Resident Evil: Apocalypse,https://image.tmdb.org/t/p/w500//yzNQSLlZb7NAkA4C5uADfNDJ7hm.jpg,https://image.tmdb.org/t/p/original//Ah2QDEAbVMVTD6skNqu5BiZStoc.jpg,"As the city is locked down under quarantine, Alice finds out that the people that died from the previous incident at the Umbrella Corporation have turned into zombies. She then joins a small band of elite soldiers, who are enlisted to rescue the missing daughter of the creator of the mutating T-virus.  Once lack of luck and resources happen, they begin to wage an exhilarating battle to survive and escape before the Umbrella Corporation erases its experiment from the face of the earth.",2004-09-10,94,You're all going to die.,6
1596,Population 436,https://image.tmdb.org/t/p/w500//xEbq0QEcqw7DyPYPsP2yX9PucpC.jpg,https://image.tmdb.org/t/p/original//fXa1d8Jkzx4UXKUmk8hpMrc42cq.jpg,A census-taker is sent to investigate why a certain small town has had the same population -- 436 residents -- for the last 100 years.,2006-07-04,88,The residents of Rockwell Falls are dying for you to visit...,5
1644,The Vanishing,https://image.tmdb.org/t/p/w500//6d5Hf0iIGjkxL1ToOp3gi8co5pc.jpg,https://image.tmdb.org/t/p/original//ker1eyGYk5eIIPiveZYGHaW9aZ5.jpg,The boyfriend of an abducted woman never gives up the search as the abductor looks on.,1993-02-05,109,If someone you loved mysteriously vanished how far out of your mind would you go to find them?,6
1663,Edgar Wallace - Der Zinker,https://image.tmdb.org/t/p/w500//vktJzwdCk5bpfUfAuoL6cuey2x7.jpg,https://image.tmdb.org/t/p/original//2Zw3lrAxIflgi6FlgF5DYcU420E.jpg,Scotland Yard investigates a series of murders where the victims have died by snake venom poisoning.,1963-04-26,89,tagline,6
1678,ゴジラ,https://image.tmdb.org/t/p/w500//mK6yZshEm8FtvElOaWWBEl35HgR.jpg,https://image.tmdb.org/t/p/original//tWeQvXUaFoS0IP5anj7pdRsP6xF.jpg,"Japan is thrown into a panic after several ships are sunk near Odo Island. An expedition to the island led by Dr. Yemani soon discover something far more devastating than imagined in the form of a 50 meter tall monster whom the natives call Gojira. Now the monster begins a rampage that threatens to destroy not only Japan, but the rest of the world as well.",1954-11-03,96,"Godzilla, a weapon of science, a great battle of wonder and terror!",7
1683,The Reaping,https://image.tmdb.org/t/p/w500//bDEYbxcaJvRC30xScThv1b7BqNw.jpg,https://image.tmdb.org/t/p/original//4eakTJuJD3sRGfv1qVWW46iPq82.jpg,"Katherine Morrissey, a former Christian missionary, lost her faith after the tragic deaths of her family. Now she applies her expertise to debunking religious phenomena. When a series of biblical plagues overrun a small town, Katherine arrives to prove that a supernatural force is not behind the occurrences, but soon finds that science cannot explain what is happening. Instead, she must regain her faith to combat the evil that waits in a Louisiana swamp.",2007-04-05,99,What Hath God Wrought?,5
1690,Hostel,https://image.tmdb.org/t/p/w500//tzrqbj6nj4ylDVjrcUcoAmFyzvE.jpg,https://image.tmdb.org/t/p/original//ofIPLZqX5epOP2iQMR6rNJMetBv.jpg,"Three backpackers head to a Slovakian city that promises to meet their hedonistic expectations, with no idea of the hell that awaits them.",2006-01-06,94,Welcome to your worst nightmare.,5
1691,Hostel: Part II,https://image.tmdb.org/t/p/w500//vUlEHfqfeCy7ojUk6OFtoljHzib.jpg,https://image.tmdb.org/t/p/original//gtBjAqY6yf5nI4BTgi1BrmOVzQS.jpg,"Three American college students studying abroad are lured to a Slovakian hostel, and discover the grim reality behind it.",2007-06-08,93,Americans...they have no imagination.,5
1693,Monster Man,https://image.tmdb.org/t/p/w500//xMCJGFHu6b1jow2rrVB2IOiWMIl.jpg,https://image.tmdb.org/t/p/original//gvf8GnnW5HVXboENWr6fQTlbTec.jpg,Two guys and a female hitchhiker are terrorized by a monstrous looking man driving a giant monster truck.,2003-07-30,95,On this highway the roadkill... is human!,6
1694,Re-Animator,https://image.tmdb.org/t/p/w500//1hY6AUl92cL9GdZx031UWFiGETt.jpg,https://image.tmdb.org/t/p/original//crHveywyqIiqzkUiQiwNuNJph5.jpg,A dedicated student at a medical college and his girlfriend become involved in bizarre experiments centering around the re-animation of dead tissue when an odd new student arrives on campus.,1985-10-18,86,Herbert West has a good head on his shoulders... and another on his desk.,7
1696,The Devil's Rejects,https://image.tmdb.org/t/p/w500//jh7DntVbhrNS4JkeEQW6QxcPWim.jpg,https://image.tmdb.org/t/p/original//o1a5hUxzdXtz1vmu240euYHNe8E.jpg,"The sequel to House of 1000 Corpses – the Firefly family are ambushed at their isolated home by Sheriff Wydell and a squad of armed men guns blazing – yet only Otis and his sister, Baby, manage to escape the barrage of bullets unharmed. Hiding out in a backwater motel, the wanted siblings wait to rendezvous with their errant father, Captain Spaulding, killing whoever happens to stand in their way.",2005-07-22,107,Hell doesn't want them. Hell doesn't need them. Hell doesn't love them. This world rejects them.,6
1698,Anatomie,https://image.tmdb.org/t/p/w500//hZgnRhrOkmjjod5u3umbw4y08kX.jpg,https://image.tmdb.org/t/p/original//ioiLbc5gnBcegMRi5ZqKp0YG0MQ.jpg,"Medical student Paula Henning wins a place at an exclusive Heidelberg medical school. When the body of a young man she met on the train turns up on her dissection table, she begins to investigate the mysterious circumstances surrounding his death, and uncovers a gruesome conspiracy perpetrated by an Antihippocratic secret society operating within the school.",2000-02-03,103,Some study. Some are studied.,6
1699,Anatomie 2,https://image.tmdb.org/t/p/w500//cz7DudoOhTjZy0L7FPpNdbikaZ5.jpg,https://image.tmdb.org/t/p/original//6drzUmdyGKQwrRriwyCifA2Xzzh.jpg,"The doctor and soccer player in the leisure time Jo Hauser decides to move to Berlin and be an intern in a famous clinic, expecting to increase his knowledge and expertize, and help his handicap brother Willi Hauser. He joins a secret fraternity of doctors, under the leadership of Prof. Muller-LaRousse, who is researching the use of bionic muscles in human beings without any ethics or respect to the laws. The team is also volunteer to the experiences, and is under investigation of Paula Henning. When Jo gets close to a Filipino nurse, and becomes addicted in the drugs used in experience, he realizes the truth hidden in the methods used by the secret society in the development of science.",2003-11-23,101,A new experiment in terror...,5
1702,Death Machine,https://image.tmdb.org/t/p/w500//mZ0wTHZGFUD5p7Ke3XoH658UJdG.jpg,https://image.tmdb.org/t/p/original//spmyXKG2BZnEQuFPQ3R2Q539EnI.jpg,"Chaank Armaments is experimenting with the ultimate fighting machine which is part human - part machine. So far, the Hardman project has been unreliable and has killed a number of innocent people. The genius behind this project is Jack who lives in a world of models, toys and magazines. When he is fired by Cale for killing a few corporate officers, he unleashes the ultimate killing machine called the 'Warbeast' against Cale and those who would help her.",1994-12-23,117,It feeds on your fear,5
1730,Inland Empire,https://image.tmdb.org/t/p/w500//ybpVOFkvYuBLofvnZ4C8TTjXBQi.jpg,https://image.tmdb.org/t/p/original//qyePa65qZVnuYWivTBXkHV9aI3A.jpg,An actress's perception of reality becomes increasingly distorted as she finds herself falling for her co-star in a remake of an unfinished Polish production that was supposedly cursed.,2006-09-06,180,A woman in trouble,7
1813,The Devil's Advocate,https://image.tmdb.org/t/p/w500//5ZzBGpxy55OQzHxKVY11IpY6a0o.jpg,https://image.tmdb.org/t/p/original//i9lR2jLV0dHVfVs1u6QqqbQAE9I.jpg,"Aspiring Florida defense lawyer Kevin Lomax accepts a job at a New York law firm. With the stakes getting higher every case, Kevin quickly learns that his boss has something far more evil planned.",1997-10-17,144,Evil has its winning ways.,7
1836,Dans ma peau,https://image.tmdb.org/t/p/w500//v57vYRakOfsIvDaa4VcmysZgIV0.jpg,https://image.tmdb.org/t/p/original//jNAOK7qoSwsnDuNjbTgYRJlaogZ.jpg,Esther's life is panning out nicely. She will soon move in with her boyfriend Vincent and she seems set to get a permanent position at the public relations company where she freelances. All would be fine if Esther didn't accidentally discover a piercing curiosity about her own body.,2002-12-04,93,tagline,6
1842,The Legend of Boggy Creek,https://image.tmdb.org/t/p/w500//pabw9hEV93OEDtXaHGWNunX2j4W.jpg,https://image.tmdb.org/t/p/original//m48eDZkpEvyBandE3yet72ikdM3.jpg,"A documentary-style drama based on true accounts of the Fouke Monster in Arkansas, Boggy Creek focuses on the lives of back country people and their culture while chronicling sightings of the monster.",1972-08-01,87,A True Story.,5
1872,Rise: Blood Hunter,https://image.tmdb.org/t/p/w500//h4QNqFITPXjRrWGELtbifg34T1V.jpg,https://image.tmdb.org/t/p/original//wai7w9pjMK2NEY22pns8nIY0ZQC.jpg,A young reporter (Lucy Liu) wakes up and realises that she is not alive anymore. She goes on a personal vendetta for a group a cultists that are responsible for her death.,2007-04-28,97,They didn't leave her alive. They left her UNDEAD.,5
1876,The Penalty King,https://image.tmdb.org/t/p/w500/,https://image.tmdb.org/t/p/original/,"Lee, a soccer player who descends into depression when he goes blind, is encouraged to take up the game again by a maverick American and the inspiration of Leeds Utd legend, Billy Bremner.",2006-11-07,90,tagline,6
1923,Twin Peaks: Fire Walk with Me,https://image.tmdb.org/t/p/w500//mxsGXqetGnirf99qapYd5MMY1VL.jpg,https://image.tmdb.org/t/p/original//g5G19q0xgkzWEvfcGo1KcL8nQOk.jpg,"In the questionable town of Deer Meadow, Washington, FBI Agent Desmond inexplicably disappears while hunting for the man who murdered a teen girl. The killer is never apprehended, and, after experiencing dark visions and supernatural encounters, Agent Dale Cooper chillingly predicts that the culprit will claim another life. Meanwhile, in the more cozy town of Twin Peaks, hedonistic beauty Laura Palmer hangs with lowlifes and seems destined for a grisly fate.",1992-06-03,135,Meet Laura Palmer... In a town where nothing is as it seems... And everyone has something to hide.,7
1933,The Others,https://image.tmdb.org/t/p/w500//p8g1vlTvpM6nr2hMMiZ1fUlKF0D.jpg,https://image.tmdb.org/t/p/original//aVhASiZg3ocw1A04C88WXZRMS5E.jpg,"Grace is a religious woman who lives in an old house kept dark because her two children, Anne and Nicholas, have a rare sensitivity to light. When the family begins to suspect the house is haunted, Grace fights to protect her children at any cost in the face of strange events and disturbing visions.",2001-08-02,101,"Sooner or later she'll see them, then everything will be different.",7
1946,eXistenZ,https://image.tmdb.org/t/p/w500//kETKF0JhdTPn1knci8CAdYL0d79.jpg,https://image.tmdb.org/t/p/original//247OkG4qeUpy3WiKjilQyqNBwnY.jpg,A game designer on the run from assassins must play her latest virtual reality creation with a marketing trainee to determine if the game has been damaged.,1999-04-14,97,Play it. Live it. Kill for it.,6
1961,My Name Is Bruce,https://image.tmdb.org/t/p/w500//et2f1JBW533ZzYiCEA2T7nwzcs1.jpg,https://image.tmdb.org/t/p/original//snPM5sBGoZSm8g81yyqxsXmyzP6.jpg,B Movie Legend Bruce Campbell is mistaken for his character Ash from the Evil Dead trilogy and forced to fight a real monster in a small town in Oregon.,2007-10-01,86,Fearless! Unstoppable! Ready For His Close-Up!,6
1970,The Grudge,https://image.tmdb.org/t/p/w500//5AGB8FVELnhMMw3nO372sw1xp58.jpg,https://image.tmdb.org/t/p/original//jH0m3IgHaTZ6qq7zoLA30CzogSM.jpg,"An American nurse living and working in Tokyo is exposed to a mysterious supernatural curse, one that locks a person in a powerful rage before claiming their life and spreading to another victim.",2004-10-22,92,It never forgives. It never forgets.,5
1975,The Grudge 2,https://image.tmdb.org/t/p/w500//gzr7ywaU9mUfASN57FYsKRFb4l0.jpg,https://image.tmdb.org/t/p/original//3HTK3FtjK5GXIvPswaIMBMHeL3E.jpg,"A young woman encounters a malevolent supernatural force while searching for her missing sister in Tokyo, a mean high school prank goes horribly wrong, and strange things begin happening in a Chicago apartment building.",2006-10-13,102,"What Was Once Trapped, Will Now Be Unleashed",5
1977,The Grudge 3,https://image.tmdb.org/t/p/w500//uEOWWRr8BbgPM0BiJiSTwHGaRx4.jpg,https://image.tmdb.org/t/p/original//23LfsCO7z7d3MPVbS0qUk2y1iJ6.jpg,"Jake Kimble, the sole survivor of the Chicago massacre, is killed while in solitary confinement. His doctor begins investigating the claims he made about a long-haired woman in white, as a mysterious Japanese woman arrives at his old apartment building to help them get rid of the curse.",2009-05-12,90,You can't escape the curse.,5
1992,Planet Terror,https://image.tmdb.org/t/p/w500//30ANoUgvqQZ9tgCnM6OyJZUveaf.jpg,https://image.tmdb.org/t/p/original//eJAhvhlT9ziI3VhuJm8HQc1PcVJ.jpg,"Two doctors find their graveyard shift inundated with townspeople ravaged by sores. Among the wounded is Cherry, a dancer whose leg was ripped from her body. As the invalids quickly become enraged aggressors, Cherry and her ex-boyfriend Wray lead a team of accidental warriors into the night.",2007-04-06,105,Humanity's last hope… rests on a high power machine gun!,6
2046,The Gift,https://image.tmdb.org/t/p/w500//nQdBE1P0r4ZrgGqy5EX8sL2kXG6.jpg,https://image.tmdb.org/t/p/original//6S0EVfpqmjZEzxaxCdOeMlT2qS9.jpg,"When a local woman disappears and the police can't seem to find any leads, her father turns to a poor young woman with psychic powers. Slowly she starts having visions of the woman chained and in a pond. Her visions lead to the body and the arrest of an abusive husband, but did he really do it?",2000-03-16,111,The only witness to the crime was not even there.,6
2082,Halloween (2007),https://image.tmdb.org/t/p/w500//kX0tl6NyfLw1N2vegNEVO0SNZAg.jpg,https://image.tmdb.org/t/p/original//dFD71riOFuII5yn7DHOKy37aYTW.jpg,"After being committed for 17 years, Michael Myers, now a grown man and still very dangerous, escapes from the mental institution (where he was committed as a 10 year old) and he immediately returns to Haddonfield, where he wants to find his baby sister, Laurie. Anyone who crosses his path is in mortal danger",2007-08-31,109,Evil has a destiny.,6
2093,Amsterdamned,https://image.tmdb.org/t/p/w500//uNPQUEd13n9fIDliOYfOyxfyY4Y.jpg,https://image.tmdb.org/t/p/original//xxZUVxyagbGwqAdHEzCTBGJry1R.jpg,"A mysterious diver hiding in Amsterdam's canal system embarks on a rampage of gruesome murders, terrifying city officials and leaving few clues for the city's best detective, who doesn't suspect that both his new girlfriend and twelve-year-old daughter may be closer than he is to finding the killer.",1988-02-11,105,The danger lies just below the surface,6
2097,大巨獣ガッパ,https://image.tmdb.org/t/p/w500//pS2NY8VZlkKGyCE5hwZpTbu8exu.jpg,https://image.tmdb.org/t/p/original//5hfhptJVd8c6HNlV4eBLCV28TRR.jpg,"An expedition in the South Pacific lands on a tropical island where the natives worship the mysterious deity Gappa. An earthquake opens up an underground cavern and a baby reptile is discovered inside. The natives warn the foreigners to leave the hatching alone, but they don't listen and take it back to a zoo in Japan. Soon after, moma and papa Gappa start smashing Tokyo looking for their kidnapped child.",1967-04-22,84,tagline,5
2104,Requiem,https://image.tmdb.org/t/p/w500//hf1gIOsdIZn5AqmozMFqtAjXMQB.jpg,https://image.tmdb.org/t/p/original/,"Four hardened crooks break out of prison. Hunted down, with nowhere to run, they seek refuge in the only place the police cannot follow, a Cistercian monastery. Cut off from the outside world, a nightmare stand off develops between the fugitives, ready to kill in defence of their dearly purchased freedom, and the monks they' re holding hostage. But in this potentially lethal confrontation, nothing is quite as it seems. The game' s been rigged from the start. Requiem' s a violent and fast paced French film that really delivers.",2001-12-28,98,tagline,4
2138,Berlin Snuff,https://image.tmdb.org/t/p/w500//uq1Fo6HvGiHOL8C3ZjOzKljSZxO.jpg,https://image.tmdb.org/t/p/original/,No overview found.,1995-01-01,33,tagline,5
2151,Man with the Screaming Brain,https://image.tmdb.org/t/p/w500//nIwNki3UiRKGUzk7BrEFfNJ4as9.jpg,https://image.tmdb.org/t/p/original/,The brains of a Russian taxi driver and a wealthy businessman are brought together in one body by a mad scientist.,2005-04-03,90,He's losing their minds,5
2154,The Dark Side of The Moon,https://image.tmdb.org/t/p/w500//1QacnwQQHEERUjRuoKE2VTlxK3v.jpg,https://image.tmdb.org/t/p/original//7unts3WuAyJCJpbdZFe6PQXiO7n.jpg,"It is the year 2022. A mysterious systems failure causes the crew of a spaceship to be stranded on the dark side of the moon, while rapidly running out of fuel and oxygen. They are surprised to discover a NASA space shuttle floating in space, and board it in the hope of salvaging some supplies. One by one, the crew is possessed and killed, and it is up to Paxton Warner to find the links between the dark side of the moon, the Bermuda Triangle, and the Devil himself.",1990-05-30,96,Beyond Rescue ... Beyond Reason ... Beyond Salvation,4
2182,Attack of the Killer Tomatoes!,https://image.tmdb.org/t/p/w500//cpQFOXpi5OlUnX6g3hLIoe6L7MC.jpg,https://image.tmdb.org/t/p/original//n8jSLMc8zT2p1rELAUyRCc3VN7B.jpg,"Attack of the Killer Tomatoes is a 1978 comedy film directed by John De Bello and starring David Miller. The film is a spoof of B-movies. Made on a budget of less than USD $100,000, the story involves tomatoes becoming sentient by unknown means and revolting against humanity.",1978-10-01,87,Aaargh!...,4
2186,Within the Woods,https://image.tmdb.org/t/p/w500//7GbiPMIn0VT00n8MpF9ZpBBVBDs.jpg,https://image.tmdb.org/t/p/original/,The low budget film starring the young Bruce Campbell that influenced the Evil Dead films.,1978-11-23,32,tagline,6
2199,My Mom's a Werewolf,https://image.tmdb.org/t/p/w500//7Wu3uPNbmmaAsZI1CFK6PY87XGN.jpg,https://image.tmdb.org/t/p/original/,"The frustrated housewife Leslie visits an animal shop to purchase a flea-collar. Unknowing that the owner is a werewolf, she accepts his invitation to lunch and later in his apartment. Through a bite in her toe he starts her slow transformation in a werewolf. Home again, she desperately tries to hide the often disgusting process from her family, but her daughter Jennifer and her - from horror magazines well educated - friend recognize what's going on, and help to kill the non-human.",1989-11-11,90,tagline,4
2212,Nightwatch,https://image.tmdb.org/t/p/w500//2ueCI9QX9AGa4SzJgrvK1fONCa5.jpg,https://image.tmdb.org/t/p/original//wHG6nBPOvJzK4UeqW9thKdoDRYf.jpg,"A law student, who takes a job as a night watchman at a morgue, begins to discover clues that implicate him as the suspect of a series of murders.",1997-01-31,102,tagline,6
2291,Jacob's Ladder,https://image.tmdb.org/t/p/w500//4GY4FsM0ZOtbSTeMpY0g4WkEuBW.jpg,https://image.tmdb.org/t/p/original//6Kxz3A1jMbSDEKb09B1Xd6ZUZJJ.jpg,"After returning home from the Vietnam War, veteran Jacob Singer struggles to maintain his sanity. Plagued by hallucinations and flashbacks, Singer rapidly falls apart as the world and people around him morph and twist into disturbing images. His girlfriend, Jezzie, and ex-wife, Sarah, try to help, but to little avail. Even Singer's chiropractor friend, Louis, fails to reach him as he descends into madness.",1990-11-02,113,The most frightening thing about Jacob Singer's nightmare is that he isn't dreaming.,7
2386,Le collectionneur de cerveaux,https://image.tmdb.org/t/p/w500//ul1JzdS4rYnjXwyW1SRwtBnG5Dd.jpg,https://image.tmdb.org/t/p/original//4gYlbYK58rqOEQf3VRhQPUZeZGW.jpg,A young pianist is shocked when she witnesses a strange chess tournament with a robot. Could there be a gruesome secret behind this exhibition?,1976-10-23,93,tagline,6
2637,The Mothman Prophecies,https://image.tmdb.org/t/p/w500//z2PiOTyjbCOnMHY2QJdq3I4jU44.jpg,https://image.tmdb.org/t/p/original//6FSoZZTwYYrhs5lWdLhj9FCPtT9.jpg,Reporter John Klein is plunged into a world of impossible terror and unthinkable chaos when fate draws him to a sleepy West Virginia town whose residents are being visited by a great winged shape that sows hideous nightmares and fevered visions.,2002-01-25,119,What do you see?,6
2654,In the Mouth of Madness,https://image.tmdb.org/t/p/w500//tvGoySYpR0ZBXeqsS7nT9peFsrn.jpg,https://image.tmdb.org/t/p/original//iuRHfeN28bRuXk2Q87RlnruYg8K.jpg,An insurance investigator begins discovering that the impact a horror writer's books have on his fans is more than inspirational.,1995-02-03,95,Lived Any Good Books Lately?,7
2655,What Lies Beneath,https://image.tmdb.org/t/p/w500//2L3Cn0CizbSy2E9KJt1SiOSyb6p.jpg,https://image.tmdb.org/t/p/original//qvMbGkEv9mVTPZpVPkrhpXrpv9E.jpg,"When Claire Spencer starts hearing ghostly voices and seeing spooky images, she wonders if an otherworldly spirit is trying to contact her. All the while, her husband tries to reassure her by telling her it's all in her head. But as Claire investigates, she discovers that the man she loves might know more than he's letting on.",2000-07-21,130,He was the perfect husband until his one mistake followed them home.,6
2662,House of 1000 Corpses,https://image.tmdb.org/t/p/w500//zEAVm1zpjkk4XFL2i5EZehkEgkH.jpg,https://image.tmdb.org/t/p/original//j5gi60OUwOeHHfDssa855c5LSJ6.jpg,Two teenage couples traveling across the backwoods of Texas searching for urban legends of serial killers end up as prisoners of a bizarre and sadistic backwater family of serial killers.,2003-04-11,89,You'll never get out alive.,6
2667,The Blair Witch Project,https://image.tmdb.org/t/p/w500//9050VGrYjYrEjpOvDZVAngLbg1f.jpg,https://image.tmdb.org/t/p/original//4enK0hfkyqljQvFqACcx74c007e.jpg,"In October of 1994 three student filmmakers disappeared in the woods near Burkittsville, Maryland, while shooting a documentary. A year later their footage was found.",1999-07-14,81,Everything you've heard is true.,6
2668,Sleepy Hollow,https://image.tmdb.org/t/p/w500//660DFxWpSfZ1d1PruZ6Nd9vKXNE.jpg,https://image.tmdb.org/t/p/original//nVi8CINgtMbWmCQ0XxXgW2H1ZTW.jpg,New York detective Ichabod Crane is sent to Sleepy Hollow to investigate a series of mysterious deaths in which the victims are found beheaded. Locals believe the culprit to be none other than the legendary Headless Horseman.,1999-11-19,105,Heads will roll.,7
2671,リング,https://image.tmdb.org/t/p/w500//gfRdtHk4M0XwDoIBy1dty8pJ3hr.jpg,https://image.tmdb.org/t/p/original//xSxVLvh8FAFDD68lx718E3hE2i3.jpg,"A mysterious video has been linked to a number of deaths, and when an inquisitive journalist finds the tape and views it herself, she sets in motion a chain of events that puts her own life in danger.",1998-01-30,96,"One curse, one cure, one week to find it",7
2907,The Addams Family,https://image.tmdb.org/t/p/w500//qFf8anju5f2epI0my8RdwwIXFIP.jpg,https://image.tmdb.org/t/p/original//7OxGhxUYAdtuike29VMzEFxJx7y.jpg,"When a man claiming to be long-lost Uncle Fester reappears after 25 years lost, the family plans a celebration to wake the dead. But the kids barely have time to warm up the electric chair before Morticia begins to suspect Fester is fraud when he can't recall any of the details of Fester's life.",1991-11-22,102,Weird Is Relative,7
2929,Frankenstein,https://image.tmdb.org/t/p/w500//xPzF7qW6FFZEzfsnsKqNOncxJNU.jpg,https://image.tmdb.org/t/p/original//vqZEHv2KxjyVXjbtMhIDIZ6xoLf.jpg,"Frankenstein, a young medical student, trying to create the perfect human being, instead creates a misshapen monster. Made ill by what he has done, Frankenstein is comforted by his fiancée; but on his wedding night he is visited by the monster.",1910-03-18,14,tagline,6
2956,Der künstliche Mensch,https://image.tmdb.org/t/p/w500//bfUePc8AeUUSfNF1EXFYWDxhZVN.jpg,https://image.tmdb.org/t/p/original/,"Part of the artificial-creature series encompassing Der Golem (1914 and 1920), Alraune (1918, 1928, 1930) and Metropolis (1926), 'Homunculus' was the most popular serial in Germany during World War I even influencing the dress of fashionable Berlin. Foenss, a Danish star, is the perfect creature manufactured in a laboratory by Kuehne. Having discovered his origins, that he has no 'soul' and is incapable of love, he revenges himself on mankind, instigating revolutions and becoming a monstrous but beautiful tyrant, relentlessly pursued by his creator-father who seeks to rectify his mistake.",1916-08-18,69,The Perfect Man… Without Soul!,6
2957,Das geheimnisvolle Buch,https://image.tmdb.org/t/p/w500//fVkGixJFTCWkpUdi4pbmrw4JxfZ.jpg,https://image.tmdb.org/t/p/original/,No overview found.,1916-01-01,75,tagline,7
2958,Die Liebestragödie des Homunculus,https://image.tmdb.org/t/p/w500//fVkGixJFTCWkpUdi4pbmrw4JxfZ.jpg,https://image.tmdb.org/t/p/original/,No overview found.,1916-01-01,64,tagline,7
2960,Die Rache des Homunculus,https://image.tmdb.org/t/p/w500//fVkGixJFTCWkpUdi4pbmrw4JxfZ.jpg,https://image.tmdb.org/t/p/original/,No overview found.,1916-01-01,68,tagline,7
2961,Die Vernichtung der Menschheit,https://image.tmdb.org/t/p/w500//fVkGixJFTCWkpUdi4pbmrw4JxfZ.jpg,https://image.tmdb.org/t/p/original/,No overview found.,1916-01-01,52,tagline,7
2962,Das Ende des Homunculus,https://image.tmdb.org/t/p/w500//aPLUSw71Ta8h8C9RD2KIhK4bW6i.jpg,https://image.tmdb.org/t/p/original/,"A group of scientists, led by a Professor Ortmann, produce a living human child using scientific processes - a ""homunculus."" This creature is human in every way, except that he cannot experience love.",1916-01-01,59,tagline,5
2967,Alraune,https://image.tmdb.org/t/p/w500//AeLvLozpPALjSR7Wd8EV0nAm9yM.jpg,https://image.tmdb.org/t/p/original/,It is a variation on the original legend of Alraune in which a Mad Scientist creates a beautiful but demonic child from the forced union between a woman and a Mandrake root. Not to be confused with the 1918 German version of Alraune.,1918-01-01,80,tagline,0
2968,"Alraune, die Henkerstochter, genannt die rote Hanne",https://image.tmdb.org/t/p/w500//nLK7lCB4Qv6kMMSNPOwBLqGAZVt.jpg,https://image.tmdb.org/t/p/original/,"Mad scientist, doctor Ten Brinken artificially inseminates a prostitute with a dead man's semen. The resulting child grows up to be a beautiful, evil woman who turns against her creator.",1918-01-01,88,tagline,0
2972,"Der Golem, wie er in die Welt kam",https://image.tmdb.org/t/p/w500//PWKZx0gLB7EEMQUmWbvFk3yB3t.jpg,https://image.tmdb.org/t/p/original//cWAhhyLC2wA9EdNkKmAGbhqoWNJ.jpg,"Suffering under the tyrannical rule of Rudolf II in 16th-century Prague, a Talmudic rabbi creates a giant warrior to protect the safety of his people.  Sculpted of clay and animated by the mysterious secrets of the Cabala, the Golem was a seemingly indestructible juggernaut, performing acts of great heroism, yet equally capable of dreadful violence.  When the rabbi's assistant takes control of the Golem and attempts to use him for selfish gain, the lumbering monster runs rampant, abducting the rabbi's daughter and setting fire to the ghetto.",1920-10-28,76,The 1920 Horror Masterpiece,7
2974,Orlacs Hände,https://image.tmdb.org/t/p/w500//40WWy1SSx8rh1r4mn1MNpCKIteF.jpg,https://image.tmdb.org/t/p/original//35Bh31PwHD1c4QoF5Otn1Tpm7I9.jpg,"A world-famous pianist loses both hands in an accident. When new hands are grafted on, he is horrified to learn they once belonged to a murderer.",1924-09-24,98,tagline,6
2992,Appetite,https://image.tmdb.org/t/p/w500//jkXx2LHwpbmLyurhzA3AsMs1Pth.jpg,https://image.tmdb.org/t/p/original/,"The guests of the Station Hotel have assembled to play a game of cards. The loser will sleep in room 207, a room rumored to be haunted. It hasn't been slept in for 20 years.  As their lives tangle in a paranoid deadlock, the only escape becomes murder.",1998-08-12,97,Lust. Revenge. Mystery. Murder. And that's just for starters.,2
3006,Dr. Jekyll and Mr. Hyde,https://image.tmdb.org/t/p/w500//hYArtU4tx01bOBeBLrkH1lY4VGb.jpg,https://image.tmdb.org/t/p/original/,No overview found.,1908-08-07,16,tagline,0
3072,Frankenstein Unbound,https://image.tmdb.org/t/p/w500//rMkdj4ZtTTZ6Zgu8ZttrW0QpMnT.jpg,https://image.tmdb.org/t/p/original//co1wLHaACpxaikOJl0CVpGfaL8T.jpg,"The ultimate weapon, claimed to be safe for mankind, produces global side-effects including time slides and disappearances. The scientist behind the project and his car are zapped from the year 2031 to 1817 in Switzerland where he meets Dr. Victor Frankenstein, Mary Shelley and others.",1990-11-02,82,tagline,5
3073,Bud Abbott and Lou Costello Meet Frankenstein,https://image.tmdb.org/t/p/w500//w2tak1UWLGU5hSWbzwnyyjIKGtL.jpg,https://image.tmdb.org/t/p/original//w4kUcGEgjvVE6F1CY6Zfu3kyNDK.jpg,"Two hapless freight handlers find themselves encountering Dracula, the Frankenstein Monster and the Wolf Man.",1948-06-15,83,More howls than you can shake a shiver at!!!,7
3015,Der Januskopf,https://image.tmdb.org/t/p/w500/,https://image.tmdb.org/t/p/original//j47aNKg3pdvJ2jM66RxjLWb4Aty.jpg,"The film was an unauthorized adaptation of Robert Louis Stevenson's novel The Strange Case of Dr. Jekyll and Mr. Hyde, but the source material went unrecognized by some of the German media due to changes in the characters' names.  Released in 1920, this is one of Murnau's lost films. While the film itself does not survive, the scripts and related production notes do. Because the film is lost, its full length is unknown.  Dr. Warren is the Dr. Jekyll character who changes into Mr. O'Connor, a parallel of Mr. Hyde. This transformation is brought about, not by experimentation with chemicals as in Stevenson's original, but through the supernatural agency of a bust of Janus (the Roman god of the doorway), which Warren / O'Connor purchases in the opening sequence as a gift for his sweetheart, Jane. When she refuses the gift, horrified, Warren / O'Connor is forced to keep the statuette himself...",1920-08-26,107,tagline,0
3021,1408,https://image.tmdb.org/t/p/w500//yE9MCW7ZNxSw5SC1TMqm51pMBIV.jpg,https://image.tmdb.org/t/p/original//yzltOpo9TzfgB7h7U7seIOYqcf5.jpg,"A man who specializes in debunking paranormal occurrences checks into the fabled room 1408 in the Dolphin Hotel. Soon after settling in, he confronts genuine terror.",2007-06-22,104,The only demons in room 1408 are those within you.,6
3023,Abbott and Costello Meet Dr. Jekyll and Mr. Hyde,https://image.tmdb.org/t/p/w500//spZzSuujqiYHMK5pIvJOS5LDYD0.jpg,https://image.tmdb.org/t/p/original//aM81XfMvYyb1Qpig5rp8tOodRjt.jpg,"Abbott and Costello, two bumbling American cops on exchange in London, hunt for Mr. Hyde—the monster that has been terrorizing the city.",1953-08-01,76,All New ! All Wild ! All Fun !,6
3025,The Two Faces of Dr. Jekyll,https://image.tmdb.org/t/p/w500//gW6ZF51GF60cWs0iWu0ZSSXEaUb.jpg,https://image.tmdb.org/t/p/original//6trIEq8wjlfDBUkJmpTzt8f2yB1.jpg,"After a series of scientific experiments directed towards freeing the inner man and controlling human personalities, the kindly, generous Dr Henry Jekyll succeeds in freeing his own alter ego, Edward Hyde, a sadistic, evil creature whose pleasure is murder.",1960-10-24,88,LIKE NOTHING YOU HAVE EVER SEEN!,6
3026,Le Testament du Docteur Cordelier,https://image.tmdb.org/t/p/w500//boTLb0RR1cZTAFZbpouilr6vdX5.jpg,https://image.tmdb.org/t/p/original//6hObqW3SO5vzPVRsPwrx3hYZljc.jpg,"Dr. Cordelier, living in a suburb of Paris, withdraws from society to pursue research into the functioning of the human brain. His lifelong friend, Maître Joly, becomes concerned when Cordelier draws up a will that bequeaths his entire estate to a stranger, Monsieur Opale; he cannot understand why Cordelier defends him, considering Opale attacks women and children. After a colleague is killed, Joly confronts Cordelier and discovers the truth behind his friend's behavior.",1959-01-01,95,tagline,6
3028,Jekyll and Hyde.. Together Again,https://image.tmdb.org/t/p/w500//k1PkapN7CByX5u443rtiYc9LL8J.jpg,https://image.tmdb.org/t/p/original//ijGHbdhjSxZSo9jiH6AZzsnNOL.jpg,Dr. Jekyll inhales white powder and becomes an obnoxious Southern Californian.,1982-11-10,87,The comedy that examines modern living through chemistry.,5
3031,Island of Lost Souls,https://image.tmdb.org/t/p/w500//g7K7r1FojQC52YHxfmuXgwYBq5Q.jpg,https://image.tmdb.org/t/p/original//mqRhqno3htUscCsiLGiXmutAKdn.jpg,"An obsessed scientist conducts profane experiments in evolution, eventually establishing himself as the self-styled demigod to a race of mutated, half-human abominations.",1932-12-31,70,TERROR! Stalked the Brush-Choked Island...Where Men Who Were Animals Sought the Girl Who Was All-Human!,7
3036,Mary Shelley's Frankenstein,https://image.tmdb.org/t/p/w500//cUeouwPcf6yIS3Um3X2oPyjtIea.jpg,https://image.tmdb.org/t/p/original//tODsxqR6vm2LoypKSy1186RiTdL.jpg,"Based on Mary Shelley's novel, ""Frankenstein"" tells the story of Victor Frankenstein, a promising young doctor who, devastated by the death of his mother during childbirth, becomes obsessed with bringing the dead back to life. His experiments lead to the creation of a monster, which Frankenstein has put together with the remains of corpses. It's not long before Frankenstein regrets his actions.",1994-11-04,123,Be Warned.  It's Alive,6
3043,Flesh for Frankenstein,https://image.tmdb.org/t/p/w500//1orJbrFq7mxyzYbZ1AmRfDhCHvi.jpg,https://image.tmdb.org/t/p/original//lFAh7YSNOZJFwMVO31BPpRqHHBM.jpg,"Within the decadent walls of the Frankenstein mansion, the Baron and his depraved assistant Otto have discovered the means of creating new life. As the Baron's laboratory begins to fill up with stitched body parts, the Baroness dallies with the randy new manservant and soon the decadent, permissive household is consumed by an outrageous, bizarre, and hilarious orgy of death and dismemberment.",1973-11-30,95,We dare you to see...,5
3051,Eye of the Devil,https://image.tmdb.org/t/p/w500//havJV6WzEJP7fncpFP28QcvHT5T.jpg,https://image.tmdb.org/t/p/original//69u62HMLODZl17BFPZxYTYmsxew.jpg,A French nobleman deserts his wife because of an ancient family secret.,1966-11-18,96,This is the climax in mind-chilling terror!,6
3053,The Fearless Vampire Killers,https://image.tmdb.org/t/p/w500//iH8Ohx97F2eIagrJGzCEraO93MN.jpg,https://image.tmdb.org/t/p/original//iJVWew7XPMJvUpB9BRuSvTMo28o.jpg,"A noted professor and his dim-witted apprentice fall prey to their inquiring vampires, while on the trail of the ominous damsel in distress.",1967-02-01,108,Who says Vampires are no laughing matter?,7
3066,恐怖伝説　怪奇！フランケンシュタイン,https://image.tmdb.org/t/p/w500//6crVZ3TN2MUwtbx25pbBVBGn11d.jpg,https://image.tmdb.org/t/p/original//vfmVqMqnsgKZw2Bi0RirBR9FUhZ.jpg,"The film centers around the life of Victor Frankenstein. After creating the monster together with his partner Zuckel, the monster attacks the assistant and falls from a cliff. Assuming the monster is dead, Victor returns to his wife Elizabeth and daughter Emily. A police inspector named Bellbeau investigates some mysterious mutilations killings, and Victor is blackmailed by his former assistant, who lost an eye in his fight with the monster.",1981-07-27,98,tagline,5
3069,Frankenstein Reborn,https://image.tmdb.org/t/p/w500//7CLGMQv9mA2TP97ObeAkMMo2i5U.jpg,https://image.tmdb.org/t/p/original/,"The latest psychiatrist assigned to assess whether inmate Victor Frank is mentally fit to stand trial for murder gives up in frustration and so the asylum head Dr Robert Walton steps in to do the job. Frank tells Walton his story. He was a scientist experimenting in the field of nanotechnology. Using nanobots that were capable of rebuilding the human body, Frank and his team had great success in helping the crippled, wheelchair-ridden Bryce Daniels regain use of his faculties. But then Bryce started to become unstable...",2005-08-28,84,tagline,5
3074,The Ghost of Frankenstein,https://image.tmdb.org/t/p/w500//qqGfsDLysh5yu600Or0dY1iygeg.jpg,https://image.tmdb.org/t/p/original//xLXaoqEejsyJOvzTf0iTMM23NYF.jpg,"Ygor discovers Frankenstein's creation is still alive and brings him to the Doctor's son, Ludwig, for help. Obsessed with restoring the monster to his full potential, Ludwig is unaware that someone has more devious plans for the creature.",1942-03-13,67,All new THRILLS!,6
3075,Frankenstein Must Be Destroyed,https://image.tmdb.org/t/p/w500//rLCCdYBhCm4ATkupOTf4yRbFgm6.jpg,https://image.tmdb.org/t/p/original//euwX44vNkXGBobigO9rJ1iRDqCO.jpg,"Blackmailing a young couple to assist with his horrific experiments the Baron, desperate for vital medical data, abducts a man from an insane asylum. On route the abductee dies and the Baron and his assistant transplant his brain into a corpse. The creature is tormented by a trapped soul in an alien shell and, after a visit to his wife who violently rejects his monstrous form, the creature wreaks his revenge on the perpetrator of his misery: Baron Frankenstein.",1969-05-22,98,The Most Frightening Frankenstein Movie Ever!,6
3076,Frankenstein Meets the Wolf Man,https://image.tmdb.org/t/p/w500//jOTN2CiUBeIPg3GNkrx95c5KnSR.jpg,https://image.tmdb.org/t/p/original//ykbk7an62qpgHxwEz16XXKNvXRd.jpg,"Grave robbers open the grave of the wolf man and awaken him. He doesn't like the idea of being immortal and killing people when the moon is full so tries to find Dr. Frankenstein, in the hopes that the doctor can cure him. Dr. Frankenstein has died; however, his monster is found.",1943-03-05,74,A Death Fight . . . Between Two Beasts !,6
3077,Son of Frankenstein,https://image.tmdb.org/t/p/w500//hop8IKgDYHfFI7uMvZ0gcDYqqXZ.jpg,https://image.tmdb.org/t/p/original//fk4fUMgHEH2qBFNvWQiiLyoRms5.jpg,"One of the sons of Frankenstein finds his father's monster in a coma and revives him, only to find out he is controlled by Ygor who is bent on revenge.",1939-01-13,99,The black shadows of the past bred this half-man . . . half-demon ! . . . creating a new and terrible juggernaut of destruction !,6
3079,The Curse of Frankenstein,https://image.tmdb.org/t/p/w500//423SUl5akFhBgH9nTISKOlTpKtz.jpg,https://image.tmdb.org/t/p/original//5UfnkAPHGWjbWh71CfOJ660HCMx.jpg,Baron Victor Frankenstein has discovered life's secret and unleashed a blood-curdling chain of events resulting from his creation: a cursed creature with a horrid face — and a tendency to kill.,1957-05-20,83,The creature created by man and forgotten by nature!,7
3103,House of Frankenstein,https://image.tmdb.org/t/p/w500//nrP2yOqEJpFlLRW4BaMswJlAEhR.jpg,https://image.tmdb.org/t/p/original//tbktJh2LbE4fJzswHVbgQq1h0dJ.jpg,"An evil scientist and a hunchback escape from prison and encounter Dracula, the Wolf Man and Frankenstein's Monster.",1944-12-01,71,All the Screen's Titans of Terror - Together in the Greatest of All SCREEN SENSATIONS!,6
3104,Frankenstein Created Woman,https://image.tmdb.org/t/p/w500//1gT7sSKIITCchwCQopAuvxUctDU.jpg,https://image.tmdb.org/t/p/original//6R9eCdkYrYIwHjGfqm8bdLUQV9Y.jpg,"A deformed tormented girl drowns herself after her lover is framed for murder and guillotined. Baron Frankenstein, experimenting with the transfer of souls, places the boy's soul into her body, bringing Christina back to life. Driven by revenge, she carries out a violent retribution on those responsible for both deaths.",1967-03-15,92,Now Frankenstein has created a beautiful woman with the soul of the Devil!,6
3105,Frankenstein: The True Story,https://image.tmdb.org/t/p/w500//jcUTPqBzWneiLjMy4AZIeLaFWsg.jpg,https://image.tmdb.org/t/p/original//onHYSk6SCuQBpEcH3q58zT4Ppxz.jpg,"Victor Frankenstein witnesses his creation turn uncontrollable after he's duped by his associate, Dr. Polidori.",1974-09-19,123,He created the perfect man—then something went wrong.,7
3117,Frankenstein and the Monster from Hell,https://image.tmdb.org/t/p/w500//pX5nLWXkxDGGMVAGflweRCKWbtQ.jpg,https://image.tmdb.org/t/p/original//tZby2Dnou723w4jFAb2Nlp3x8iC.jpg,"Dr Simon Helder, sentenced to an insane asylum for crimes against humanity, recognises its director as the brilliant Baron Frankenstein, the man whose work he had been trying to emulate before his imprisonment. Frankenstein utilises Helder's medical knowledge for a project he has been working on for some time. He is assembling a man from vital organs extracted from various inmates in the asylum. And the Baron will resort to murder to acquire the perfect specimens for his most ambitious project ever.",1974-04-01,93,Your blood will run cold when the monster rises.,6
3118,Frankenstein 90,https://image.tmdb.org/t/p/w500//gWPcWshULt94gAv6sOfCAtUhnX1.jpg,https://image.tmdb.org/t/p/original/,"French cybernetics genius Victor Frankenstein carries on the work of his notorious ancestor and creates a monster, albeit one with a penchant for philosophy, etiquette and occasional bouts of murderous rage. But when the creature develops a hunger for l'amour, Frankenstein and his understanding fiancé use a cache of freshly murdered strippers to build the creature a beautiful yet dutiful bride. Can the undead find true love in a cold world, or will the French ways of passion unleash some monstrous surprises upon them all?",1984-08-14,100,tagline,5
3122,La figlia di Frankenstein,https://image.tmdb.org/t/p/w500//uJKbpxQ1XZeKBY4nLl8YdrUUIsd.jpg,https://image.tmdb.org/t/p/original//pDWy0iiyxPGOSg4D28LYGVbqm5A.jpg,"Dr. Frankensteins' daughter, who is in love with the aging lab assistant Marshall, continues with her fathers experiments and attempts to transplant Marshall's brain into a new body to prolong his life.",1971-10-22,99,A Mad Surgeon's Mind in a Woman's Body,5
3124,The Evil of Frankenstein,https://image.tmdb.org/t/p/w500//2lrrmS0G1rc6dXk3vWTJnTl3jeL.jpg,https://image.tmdb.org/t/p/original//bmZNXRwM7P0YSkSJIkLDd7nb309.jpg,"Once hounded from his castle by outraged villagers for creating a monstrous living being, Baron Frankenstein returns to Karlstaad. High in the mountains they stumble on the body of the creature, perfectly preserved in the ice. He is brought back to life with the help of the hypnotist Zoltan who now controls the creature. Can Frankenstein break Zoltan's hypnotic spell that incites the monster to commit these horrific murders or will Zoltan induce the creature to destroy its creator?",1964-05-08,86,He's never been more shocking! shocking! shocking!,6
3125,Dracula vs. Frankenstein,https://image.tmdb.org/t/p/w500//FT4m9RyaF5ykFOMOIkML6IEe5L.jpg,https://image.tmdb.org/t/p/original//hAc69xOEGf5YzpHDE65pITNEh1e.jpg,Dracula conspires with a mad doctor to resurrect the Frankenstein Monster.,1971-09-20,91,tagline,4
3127,The Revenge of Frankenstein,https://image.tmdb.org/t/p/w500//iJOBQMX4SaOVfXeXUbi3T3Llb0T.jpg,https://image.tmdb.org/t/p/original//loAt9DFDdET7Ano8VvxZ5SHQgPa.jpg,"Baron Frankenstein, working under the protective pseudonym Dr. Victor Stein, together with his assistant Dr. Kleve, transplants a dwarf's brain into another body and unleashes a deranged being.",1958-06-13,90,We Dare You To See It! We Double-Dare You To Forget It!,6
3144,Rock 'n' Roll Frankenstein,https://image.tmdb.org/t/p/w500//rlsN8mq8gbk8hupZjYrUAoaPkqH.jpg,https://image.tmdb.org/t/p/original/,"The movie follows Bernie, a record producer who persuades his nephew Frankie to create a new rock star that will help Bernie overcome his work related ennui. Iggy, the burnt out roadie pillages the graves of various celebrities such as Buddy Holly, Jimi Hendrix, and Sid Vicious, using the head of Elvis Presley to top things off.",1999-01-01,88,tagline,4
3145,The Horror of Frankenstein,https://image.tmdb.org/t/p/w500//3QDj1RpLm07jnae4VqYv5smYyD.jpg,https://image.tmdb.org/t/p/original//hYvfaCccyazxhcBwEpPmQoDAEL0.jpg,"Tongue-in-cheek chiller about a ruthlessly sadistic student who will stop at nothing in pursuit of advancing his shocking scientific experiments. Young Victor Frankenstein murders his own father in order to inherit his title and fortune, and drops out of school to concentrate on his unholy attempts to resurrect dead creatures.",1970-11-08,95,New thrills! New faces! New horror!,5
3146,フランケンシュタインの怪獣 サンダ対ガイラ,https://image.tmdb.org/t/p/w500//gMm3od2EsZ4z6TxnW7hlXJx8Kd0.jpg,https://image.tmdb.org/t/p/original//xIqEQ7d7KumDC2ymEqsvVY9nydM.jpg,"Gaira, a humanoid sea beast spawned from the discarded cells of Frankenstein's monster, attacks the shores of Tokyo. While the Japanese military prepares to take action, Gaira's Gargantua brother, Sanda, descends from the mountains to defend his kin. A battle between good and evil ensues, leaving brothers divided and a city in ruins.",1966-07-29,88,"A crisis, striking from the mountains and the sea!",6
3147,The Frankenstein Files: How Hollywood Made a Monster,https://image.tmdb.org/t/p/w500/,https://image.tmdb.org/t/p/original/,The history of Frankenstein's journey from novel to stage to screen to icon,1999-01-01,45,tagline,7
3149,Jesse James Meets Frankenstein's Daughter,https://image.tmdb.org/t/p/w500//8gzLq1joecyRSz8pI6ZGen7hH7r.jpg,https://image.tmdb.org/t/p/original//macLGPewy8OarjOYPjPOXa34uu5.jpg,"Dr. Frankenstein's Granddaughter Maria, and her brother assistant Rudolph, moved to the old west because the lightning storms there are more frequent and intense, which allows them to work on the experiments of their grandfather. But the experiments are failing and Rudolph's been secretly killing the corpses afterwards. Meanwhile, the Lopez family leaves the town because of the evil going on there",1966-04-09,83,ROARING GUNS against RAGING MONSTER!,4
3151,Frankenstein General Hospital,https://image.tmdb.org/t/p/w500//gvopdkco8QM7izr67tXGNjerraP.jpg,https://image.tmdb.org/t/p/original//uUGuQfQYV41CZ0IPHRapRBQYnSi.jpg,A mad doctor puts together a new body by using body parts he steals from a mortuary at the hospital where he works.,1988-03-01,90,tagline,3
3152,Big Monster on Campus,https://image.tmdb.org/t/p/w500//4Pnsi9DX4zOdV0Sqj87yYyctrYm.jpg,https://image.tmdb.org/t/p/original//4j7MYq2CUevXRsSFt5qEOZYesow.jpg,A student receives a serial killer's brain in a transplant after being thrown into a pool with no water in it,2000-02-25,92,He has an electric personality,5
3159,Il castello delle donne maledette,https://image.tmdb.org/t/p/w500//bwUoaDv4HbJGJOJhCHNYlql67t5.jpg,https://image.tmdb.org/t/p/original//9wHhRWJThm2CyqUllLUmwAoMsl7.jpg,"Brazzi plays mad Dr. Frankenstein, Dunn is an evil dwarf and Lugosi (no relation to Bela) is a Neanderthal man. Add a monster named Hulk, and some nude women for sexploitation value.",1974-02-19,90,Terror stalks the castle when the secret of life falls into the wrong hands.,2
3160,フランケンシュタイン対地底怪獣 バラゴン,https://image.tmdb.org/t/p/w500//hNhWOKIqggPTMfbA3qY4Vgg5K4y.jpg,https://image.tmdb.org/t/p/original//pGDGr33gZvozMMV0fO2krFCcy1w.jpg,"During WWII, Germans obtain the immortal heart of Frankenstein's monster and transport it to Japan to prevent it being seized by the Allies. Kept in a Hiroshima laboratory, it is seeming lost when the United States destroys the city with the atomic bomb. Years later a wild boy is discovered wandering the streets of the city alone, born of the immortal heart.",1965-08-08,90,A fearsome kaijin? A mad new antagonistic kaiju? A golden entertainment epic of Japan-U.S. collaboration!,7
3162,Blackenstein,https://image.tmdb.org/t/p/w500//qUDG9xyeogKzGa2QZu8zRNtu6sH.jpg,https://image.tmdb.org/t/p/original//ld4CD24YlmhRkHLK9FAwMdkhrU.jpg,"Eddie is a Vietnam veteran who loses his arms and legs when he steps on a land mine, but a brilliant surgeon is able to attach new limbs. Unfortunately an insanely jealous assistant (who has fallen in love with Eddie's fiance) switches Eddie's DNA injections, transforming him into a gigantic killer.",1973-01-01,87,To Stop This Mutha Takes One Bad Brutha,3
3163,La maldición de Frankenstein,https://image.tmdb.org/t/p/w500//sIS76osGuN7devi7W89AINtdF47.jpg,https://image.tmdb.org/t/p/original//1zMXj59RMvOQSwA3SpaFUmUstjc.jpg,"Dr. Frankenstein is left for dead in the woods. His daughter, Dr. Vera Frankenstein, hunts for his attacker: Dr. Cagliostro, a mad scientist who’s created a race of human-animal hybrids.",1973-05-31,94,tagline,5
3164,Frankenstein 1970,https://image.tmdb.org/t/p/w500//iigqwAIZJ7vD2a8ZhRyQV0kLEu6.jpg,https://image.tmdb.org/t/p/original//4mfRUXiurkEzVSVxjYhpgA5Wg7J.jpg,The baron's grandson rents the family castle to a TV crew to fund his atomic revival of the family monster.,1958-07-20,83,The One...The Only KING OF MONSTERS as the new demon of the atomic age!,5
3165,Frankenstein Island,https://image.tmdb.org/t/p/w500//i8B274ERmKfqivJADdjBNBtBfDk.jpg,https://image.tmdb.org/t/p/original//fFut8u46jemrFjIQNfi1JmsyBGL.jpg,"A hot air balloon crew and a dog find themselves on an island with scantily-clad part-alien women, zombies, and other monsters.",1981-11-27,97,"The power is 7,000,000 volts--it's alive!",2
3166,Frankenstein Meets the Space Monster,https://image.tmdb.org/t/p/w500//39IPy2fSNn9NuzMn9kjT4uKhPHY.jpg,https://image.tmdb.org/t/p/original//pWteX0tAn8Y4AzLKyQZ8cXJiKdE.jpg,"When an atomic war on Mars destroys the planet's women, it's up to Martian Princess Marcuzan and her right-hand man Dr. Nadir to travel to earth and kidnap women for new breeding stock. Landing in Puerto Rico, they shoot down a NASA space capsule manned by an android. With his electronic brain damaged, the android terrorizes the island while the Martians raid beaches and pool parties",1965-09-22,79,tagline,4
3199,Dracula contra Frankenstein,https://image.tmdb.org/t/p/w500//11cM3iJfPRWfDVsZ1Tho01ZFtpG.jpg,https://image.tmdb.org/t/p/original//x0coUAfwajtL7pcPUuF58PaoRc1.jpg,Dr. Frankenstein and his assistant Morpho are killed just as they bring their creation to life. The monster is taken by Cagliostro and he now controls the monster and plans to have it mate and create the perfect master race!,1972-10-17,88,tagline,5