10766,Damien: Omen II,https://image.tmdb.org/t/p/w500//ocsi8SlODWkVX6O4E8Ncfgnretw.jpg,https://image.tmdb.org/t/p/original//siAdro2ApPmxEM9SZccvmMUYehc.jpg,"Since the sudden and highly suspicious death of his parents, 12-year-old Damien has been in the charge of his wealthy aunt and uncle. Widely feared to be the Antichrist, Damien relentlessly plots to seize control of his uncle's business empire—and the world. Anyone attempting to unravel the secrets of Damien's sinister past or fiendish future meets with a swift and cruel demise.",1978-06-09,107,The first time was only a warning.,6.399,en,No Category
10768,Omen III: The Final Conflict,https://image.tmdb.org/t/p/w500//e4eOyQAKBS6ZpJWCcNldZuoSv9t.jpg,https://image.tmdb.org/t/p/original//qTBGDYCth8DgeonLJwsEgBJlpIi.jpg,"Damien Thorn has helped rescue the world from a recession, appearing to be a benign corporate benefactor. When he then becomes U.S. Ambassador to the United Kingdom, Damien fulfills a terrifying biblical prophecy. He also faces his own potential demise as an astronomical event brings about the second coming of Christ.",1981-03-20,108,The power of evil is no longer in the hands of a child.,5.802,en,No Category
10776,Little Shop of Horrors,https://image.tmdb.org/t/p/w500//iKkbN17OmFosaW6asCNZTTsyvpu.jpg,https://image.tmdb.org/t/p/original//eU5fW21apU2CJYlmzJHoWo09GmE.jpg,"Seymour Krelborn is a nerdy orphan working at Mushnik's, a flower shop in urban Skid Row. He harbors a crush on fellow co-worker Audrey Fulquard, and is berated by Mr. Mushnik daily. One day Seymour finds a very mysterious unidentified plant which he calls Audrey II. The plant seems to have a craving for blood and soon begins to sing for his supper.",1986-12-19,94,Don't feed the plants.,6.9,en,No Category
10779,The Frighteners,https://image.tmdb.org/t/p/w500//vbyEohgR2nx8YPTepAXodoQfJJH.jpg,https://image.tmdb.org/t/p/original//naGsxof4OVpWQJn1qd9sTwUvYPI.jpg,"Once an architect, Frank Bannister now passes himself off as an exorcist of evil spirits. To bolster his facade, he claims his ""special"" gift is the result of a car accident that killed his wife. But what he does not count on is more people dying in the small town where he lives. As he tries to piece together the supernatural mystery of these killings, he falls in love with the wife of one of the victims and deals with a crazy FBI agent.",1996-07-18,110,No Rest for the Wicked.,6.9,en,No Category
10781,The Texas Chainsaw Massacre: The Beginning,https://image.tmdb.org/t/p/w500//2S0XKVZGZUnsF4DjLOyZ0C63bWO.jpg,https://image.tmdb.org/t/p/original//lTGOQk29RDqsNzD2v25dB0Rm9Jn.jpg,"Chrissie and her friends set out on a road trip for a final fling before one is shipped off to Vietnam. Along the way, bikers harass the foursome and cause an accident that throws Chrissie from the vehicle. The lawman who arrives on the scene kills one of the bikers and brings Chrissie's friends to the Hewitt homestead, where young Leatherface is learning the tools of terror.",2006-10-05,91,What you know about fear... doesn't even come close.,6.117,en,No Category
10785,The Thing from Another World,https://image.tmdb.org/t/p/w500//rm2w8dEhOGDuckB6i0Spz9lTzpR.jpg,https://image.tmdb.org/t/p/original//30aHDHSHGX4HEeKlrgCwhTU72QP.jpg,Scientists and US Air Force officials fend off a blood-thirsty alien organism while investigating at a remote arctic outpost.,1951-04-05,87,Look out … it’s the Thing,6.787,en,No Category
10787,The Invisible Man,https://image.tmdb.org/t/p/w500//a8WoUk92OLHnU5sODmdGaOi5iaH.jpg,https://image.tmdb.org/t/p/original//qLgG1VEnUydEsclNPkjxzKdnZy8.jpg,"Working in Dr. Cranley's laboratory, scientist Jack Griffin was always given the latitude to conduct some of his own experiments. His sudden departure, however, has Cranley's daughter Flora worried about him. Griffin has taken a room at the nearby Lion's Head Inn, hoping to reverse an experiment he conducted on himself that made him invisible. But the experimental drug has also warped his mind, making him aggressive and dangerous. He's prepared to do whatever it takes to restore his appearance.",1933-11-03,71,H.G. Wells' Fantastic Out Of This World Show!,7.5,en,No Category
10790,The Abandoned,https://image.tmdb.org/t/p/w500//32DhJlTTmLeaPNQeh2oHuDNRmqF.jpg,https://image.tmdb.org/t/p/original//plsdKhrNZ4vIN1qZJ8ccihiMZI7.jpg,"Marie, a film producer, returns to her native Russia to find her birth parents. She quickly learns they are dead, and she has inherited their long-empty farmhouse. At the farm, she meets Nicolai, who claims to be her twin brother. Events take a terrifying turn when the two spot a pair of ghastly doppelgangers and the house itself seems to propel them toward a fate they should have met 40 years earlier.",2006-09-11,99,tagline,5.512,en,No Category
10823,Children of the Corn,https://image.tmdb.org/t/p/w500//jJTrFHu3rjAgP1lryKGEsC9hqyM.jpg,https://image.tmdb.org/t/p/original//h7nrngTouejDkG1MuTVtExheyUy.jpg,A boy preacher named Isaac goes to a town in Nebraska called Gatlin and gets all the children to murder every adult in town.,1984-03-09,92,In their world adults are not allowed... to live.,5.7,en,No Category
10824,Candyman: Farewell to the Flesh,https://image.tmdb.org/t/p/w500//2rQ6q7PjHrMQALXpPl7ExhQIvb4.jpg,https://image.tmdb.org/t/p/original//thYTLezKmWLMWrgUdV5iMLxaUHw.jpg,"The Candyman moves on to New Orleans and starts his horrific murders once more. This time, his intended victim is a school teacher. Her father was killed by the Candyman, and brother wrongly accused of the murders.",1995-03-17,94,Evil comes when you call his name.,5.4,en,No Category
10829,Tremors 3: Back to Perfection,https://image.tmdb.org/t/p/w500//2dpgRy7ekDUNNk2FxYPkxBcG8li.jpg,https://image.tmdb.org/t/p/original//17ncjPVrbBQ66N9U5mjpIluT4s0.jpg,"Burt Gummer returns home to Perfection, Nev., to find that the town of terror has become a theme park, and when the simulated giant worm attacks turn real, the survivalist must battle the creatures once again. Gummer pits his impressive knowledge of weaponry against the newest and deadliest generation of flesh-eating graboids, with help from two young entrepreneurs.",2001-10-02,100,The Food Chain Just Grew Another Link.,5.804,en,No Category
10832,Ils,https://image.tmdb.org/t/p/w500//kEO9nGyCRGLNIb5kPPjdYAqJ4bO.jpg,https://image.tmdb.org/t/p/original//k70QhrWHOpJw6WDIUDUMEnZSCRg.jpg,"Lucas and Clementine live peacefully in their isolated country house, but one night they wake up to strange noise. They're not alone... and a group of hooded assailants begin to terrorize them throughout the night.",2006-07-19,77,They're already inside.,6.078,fr,No Category
10836,Dagon,https://image.tmdb.org/t/p/w500//nstavzVn4XWkHjAGjBs2BsCZXZp.jpg,https://image.tmdb.org/t/p/original//nO8lpaJLo1UVIXL7eM5ewwudvtY.jpg,"A boating accident off the coast of Spain sends Paul and his girlfriend Barbara to the decrepit fishing village of Imboca. As night falls, people start to disappear and things not quite human start to appear. Paul is pursued by the entire town. Running for his life, he uncovers Imboca's secret..they worship Dagon, a monstrous god of the sea...and Dagon's unholy offspring are on the loose...",2001-10-12,95,tagline,6.233,en,No Category
10838,Dracula 3000,https://image.tmdb.org/t/p/w500//vHClROtgcoHWiUUEmynGtlU15v6.jpg,https://image.tmdb.org/t/p/original//u48RMm4Tv1fiF2y0v6LESVkvItN.jpg,"In the year 3000, the deep space salvage ship Mother III locates the vanished starship Demeter in the Carpathian System. Captain Abraham Van Helsing and his crew composed of the blonde assistant Aurora Ash; the crippled navigator Arthur ""The Professor"" Holmwood, who believes that he is a genius; the strong and dumb Humvee; the intern Mina Murry; and the drug addicted 187, decide to claim the possession of Demeter. While exploring the spacecraft, they see a tape of fifty years ago of Captain Varna telling that he was locked in his cabin since his crew was acting weird after getting a cargo of coffins in Transylvania station. When 187 decides to search in the coffins for some possible hidden dope, he cuts his hand and his blood awakes Count Orlock, a.k.a. Count Dracula. When Aurora discloses who Dracula is, the survivors try to find a way to destroy the vampire.",2004-08-09,87,In space there is no daylight.,2.702,en,No Category
10842,奇妙なサーカス,https://image.tmdb.org/t/p/w500//ppsy2Z7z38mZsrFk1DHEaHQrimi.jpg,https://image.tmdb.org/t/p/original//VhuwqCNPHLhWMGAlfez5AXQUQ1.jpg,"The erotic novelist Taeko is writing a morbid story of a family destroyed by incest, murder and abuse. Her assistant, Yuji, sets on a mission to uncover the reality of this story, but the reality might be too much to bear.",2005-12-24,108,Reality is the mystery…,7.19,ja,No Category
10845,2001 Maniacs,https://image.tmdb.org/t/p/w500//y2jZOd7C5zWEcFKJWlYkmf5eUlE.jpg,https://image.tmdb.org/t/p/original//AkC9DX2t7zUFWj1VKVrxjq65HwF.jpg,"On their way to Spring Break, college kids take a detour through an old Southern town. The people of Pleasant Valley insist the kids stay for their annual barbecue celebration... but instead of getting a taste of the old South, the old South gets a taste of them!",2005-05-12,87,You are what THEY eat!,5.32,en,No Category
10854,Wicked Little Things,https://image.tmdb.org/t/p/w500//wXymWZpjkeHUIi0G2YZYdcO1OH0.jpg,https://image.tmdb.org/t/p/original//62WHUNJ1yEFf5BTXcsS61sE4cD6.jpg,"Karen, Sarah, and Emma Tunney are all moving to a small town in Pennsylvania where, unknown to them, in 1913, a horrid mine accident trapped dozens of children alive, underground. But there's a problem. They're still alive.",2006-11-17,94,Prey for Them,5.761,en,No Category
10873,Shadow of the Vampire,https://image.tmdb.org/t/p/w500//ooe8qfwSvmFdlf6FtSFaqErdM8g.jpg,https://image.tmdb.org/t/p/original//cKKhk85c1TZSYy6ZF94QpUH8bRw.jpg,"Director F.W. Murnau makes a Faustian pact with a vampire to get him to star in his 1922 film ""Nosferatu.""",2000-05-15,92,An Unspeakable Horror. A Creative Genius. Captured For Eternity.,6.674,en,No Category
10885,Shutter,https://image.tmdb.org/t/p/w500//bft6OyITsxSZuTxu2oJipApLran.jpg,https://image.tmdb.org/t/p/original//6siHyNBYQI7ogEwkaxTD3r6xEDJ.jpg,"A newly married couple discovers disturbing, ghostly images in photographs they develop after a tragic accident. Fearing the manifestations may be connected, they investigate and learn that some mysteries are better left unsolved.",2008-03-21,85,The most terrifying images are the ones that are real.,5.519,en,No Category
10891,Tremors 4: The Legend Begins,https://image.tmdb.org/t/p/w500//yhh1zMGoy6nYSXMgrsYoNRbclJn.jpg,https://image.tmdb.org/t/p/original//3kLXwk6NMt2XkYJxm48hwyg3yPR.jpg,"This prequel of the bone-chilling Tremors begins in the town of Rejection, Nev., in 1889, where 17 men die under mysterious circumstances. Spooked by recent events, the miners who populate the town leave in droves until there's nothing left but a shell of a community. It's up to the remaining residents to get to the bottom of the deaths -- but they must do so before they, too, are eradicated off the face of the planet.",2004-01-02,101,A Revolution Has Begun...,5.647,en,No Category
10894,May,https://image.tmdb.org/t/p/w500//oFXhJYTax1cnNtgvLdKlXuYiWPV.jpg,https://image.tmdb.org/t/p/original//j6Xhegu5hlTx6Q1bHYH9w6mAxA.jpg,A socially awkward veterinary assistant with a lazy eye and obsession with perfection descends into depravity after developing a crush on a boy with perfect hands.,2003-06-03,93,Be Careful... She Just Might Take Your Heart.,6.489,en,No Category
10900,Surveillance,https://image.tmdb.org/t/p/w500//8CYX53rLeRonQjJOKyHkwAwBIWD.jpg,https://image.tmdb.org/t/p/original//iExOE5nfduuD1rL1flHBhkCffxp.jpg,An FBI agent tracks a serial killer with the help of three of his would-be victims - all of whom have wildly different stories to tell.,2008-02-08,97,tagline,6.0,en,No Category
10906,Pet Sematary II,https://image.tmdb.org/t/p/w500//9g6ngNlHOfMfQnaKkw9468p67d4.jpg,https://image.tmdb.org/t/p/original//do3RXPOvnMjbJQCM0kJ87husGe6.jpg,"The ""sematary"" is up to its old zombie-raising tricks again. This time, the protagonists are Jeff Matthews, whose mother died in a Hollywood stage accident, and Drew Gilbert, a boy coping with an abusive stepfather.",1992-08-28,100,Raise Some Hell.,5.361,en,No Category
10925,The Return of the Living Dead,https://image.tmdb.org/t/p/w500//qVTFBabgnWz4jZ8wOQRYZI5EITF.jpg,https://image.tmdb.org/t/p/original//14h57Khhp9hi11aJivH58u5tFyR.jpg,"When foreman Frank shows new employee Freddy a secret military experiment in a supply warehouse in Louisville, Kentucky, the two klutzes accidentally release a gas that reanimates corpses into flesh-eating zombies. As the epidemic spreads throughout the town, and the creatures satisfy their hunger in gory and outlandish ways, Frank and Freddy fight to survive with the help of their boss and a mysterious mortician.",1985-04-25,91,They're Back From The Grave and Ready To Party!,7.1,en,No Category
10929,Willard,https://image.tmdb.org/t/p/w500//hRVP8Ud9ehv7tp5WWQ4CHk2XNus.jpg,https://image.tmdb.org/t/p/original//xH9BdS2DzkX20Ly9FG8Iwczi3M.jpg,"Desperate for companionship, the repressed Willard befriends a group of rats that inhabit his late father's deteriorating mansion. In these furry creatures, Willard finds temporary refuge from daily abuse at the hands of his bedridden mother and his father's old partner, Frank. Soon it becomes clear that the brood of rodents is ready and willing to exact a vicious, deadly revenge on anyone who dares to bully their sensitive new master.",2003-03-14,100,"When the cat's away, the rats will play.",6.071,en,No Category
10943,The Gathering,https://image.tmdb.org/t/p/w500//vkzhBNcjpE5BhxaxzrY4U5nLMQ3.jpg,https://image.tmdb.org/t/p/original//t2T1SjobJ521MfjebOcIaF5H8iH.jpg,"Cassie Grant (Christina Ricci) is a young girl from the United States who is wandering through England on foot. On her way to Ashby Wake Cassie is hit by a car. The driver of the car, Mrs Marion Kirkman (Kerry Fox), immediately calls an ambulance. During an examination at the local hospital the doctor comes to the conclusion that Cassie only has some scratches and not even a concussion, but Cassie has lost her memory due to the accident. She only knows her name and mother country, but she does not know which town she comes from, who her family is and why she is in England.",2001-06-23,92,Evil Souls Rule,5.438,en,No Category
10961,Behind the Mask: The Rise of Leslie Vernon,https://image.tmdb.org/t/p/w500//vie8a3z219Zsw81eAsM58B6VFEn.jpg,https://image.tmdb.org/t/p/original//5rD3FElz0xjZp9eIi8jEAx7KJoZ.jpg,"The next great psycho horror slasher has given a documentary crew exclusive access to his life as he plans his reign of terror over the sleepy town of Glen Echo, all the while deconstructing the conventions and archetypes of the horror genre for them.",2006-08-29,92,"Freddy, Jason, Michael. We All Need Someone To Look Up To.",6.505,en,No Category
10972,Session 9,https://image.tmdb.org/t/p/w500//A3Au37c3KJX29BDvldzGiYtaU5B.jpg,https://image.tmdb.org/t/p/original//q00YpCIaO4ke4qstYnds9PtAz3t.jpg,Tensions rise within an asbestos cleaning crew as they work in an abandoned mental hospital with a horrific past that seems to be coming back.,2001-08-10,100,Fear is a place.,6.149,en,No Category
10973,Creature from the Black Lagoon,https://image.tmdb.org/t/p/w500//euCzA2Exc70MpTDCVYih8tdE7z1.jpg,https://image.tmdb.org/t/p/original//bQLroCsrg1WJhuThfWw6ss3IDbc.jpg,"When scientists exploring the Amazon River stumble on a “missing link” connecting humans and fish, they plan to capture it for later study. But the Creature has plans of his own, and has set his sights on the lead scientist's beautiful fiancée, Kay.",1954-03-05,79,From the Amazon's forbidden depths came the Creature from the Black Lagoon,6.9,en,No Category
10980,Ratten 2 - Sie kommen wieder!,https://image.tmdb.org/t/p/w500//eF3Nx8UkZaHIJDVGlqMBNa9FPic.jpg,https://image.tmdb.org/t/p/original/,"In this sequel to Revenge of the Rats (Ratten - sie werden dich kriegen), Frank and Katrin return to Frankfurt to stop the scientist responsible for unleashing the plague of genetically mutated vermin upon the city.",2004-10-07,95,tagline,4.8,de,No Category
10984,Valentine,https://image.tmdb.org/t/p/w500//jMtWV4FixMGTgUjbr9NFVEANGYQ.jpg,https://image.tmdb.org/t/p/original//ntsJFh4DMY3u2YUqanr5pYiJvFN.jpg,Four friends start receive morbid Valentine cards and realise they are being stalked by someone they had spurned 13 years ago. A masked killer is on the loose and Valentine's day is soon approaching.,2001-02-02,96,Remember that kid everyone ignored on Valentine’s Day? He remembers you.,5.474,en,No Category
10987,Halloween: The Curse of Michael Myers,https://image.tmdb.org/t/p/w500//noCnM8nEI2bEDSdKHh0RKbwBwbC.jpg,https://image.tmdb.org/t/p/original//8xLsFPeMC2AjPiJPZlQeBKiTIqE.jpg,"Six years ago, Michael Myers terrorized the town of Haddonfield, Illinois. He and his niece, Jamie Lloyd, have disappeared. Jamie was kidnapped by a bunch of evil druids who protect Michael Myers. And now, six years later, Jamie has escaped after giving birth to Michael's child. She runs to Haddonfield to get Dr. Loomis to help her again.",1995-09-29,88,Terror Never Rests in Peace.,5.174,en,No Category
10988,Diabolique,https://image.tmdb.org/t/p/w500//3sar6ubmUS8I4IGpJYxx9FcgutN.jpg,https://image.tmdb.org/t/p/original//ldLhsXf6sCFPi0FIIGgMT0njaZg.jpg,"The wife and mistress of a cruel school master collaborate in a carefully planned and executed scheme to murder him. The plan goes well until the body, which has been strategically dumped, disappears. The psychological strain starts to weigh on the two women when a retired police investigator begins looking into the man's disappearance on a whim.",1996-03-22,107,Two women. One man. The combination can be murder.,5.473,en,No Category
11015,The Relic,https://image.tmdb.org/t/p/w500//3MpMbZTrXp6ccrir16nV7YTJ4vx.jpg,https://image.tmdb.org/t/p/original//A21CdNF0nsnTPPreSkTsjmGmHQU.jpg,A homicide detective teams up with an evolutionary biologist to hunt a giant creature that is killing people in a Chicago museum.,1997-01-10,110,The Next Evolution In Terror.,6.0,en,No Category
11026,Exorcist: The Beginning,https://image.tmdb.org/t/p/w500//phXWlfOuTxzOnO96BNZ8CiSJqZk.jpg,https://image.tmdb.org/t/p/original//hz4Tzv4jac2usrCpMUGJp4akkoK.jpg,"Having lived through traumatizing events during WWII, Father Lankester Merrin takes a sabbatical from the Church to conduct archaeological excavations in British-administered East Africa. Merrin unearths an ancient Byzantine church believed have been built and then immediately buried to keep down evil from the crypt below. The natives are convinced that uncovering the church has unleashed a demon, and begin to violently clash with the British military troops. As the village rapidly disintegrates into chaos and war, Merrin must face-off with the demon which has taken possession of somebody close to him.",2004-08-20,114,Go back to where the horror began.,5.4,en,No Category
11033,Dressed to Kill,https://image.tmdb.org/t/p/w500//oy1m5dd44foNrxV8U9l6Walx82V.jpg,https://image.tmdb.org/t/p/original//1BeYvipmUSHijOhKzLVWd1gfrXU.jpg,"After witnessing a mysterious woman brutally slay a homemaker, prostitute Liz Blake finds herself trapped in a dangerous situation. While the police thinks she is the murderer, the real killer is intent on silencing her only witness.",1980-07-25,105,The Latest Fashion In Murder.,6.945,en,No Category
11056,Darkness,https://image.tmdb.org/t/p/w500//exr5xYRHbj200Y3SxMDGfcT6zla.jpg,https://image.tmdb.org/t/p/original//oMvuihMuWej5YOskC6y2Zp8dHq9.jpg,"A teenage girl moves into a remote countryside house with her family, only to discover that their gloomy new home has a horrifying past that threatens to destroy the family.",2002-10-11,102,A house. A past. A secret. Will you dare enter?,5.678,en,No Category
11058,Godsend,https://image.tmdb.org/t/p/w500//lLncs8FEzKupj19wCqZ3sPmg3eU.jpg,https://image.tmdb.org/t/p/original//2bPk6tAJm4Qv4sTPCaH6iCgWEst.jpg,"A couple agree to have their deceased son cloned under the supervision of an enigmatic doctor, but bizarre things start to happen years after his rebirth.",2004-04-30,102,"When a miracle becomes a nightmare, evil is born.",4.862,en,No Category
11059,House of the Dead,https://image.tmdb.org/t/p/w500//lI6UBnxwHztggSq8PhLibdOe2Nd.jpg,https://image.tmdb.org/t/p/original//aNUEHLNsNMprLZt6fjf5nqDq6er.jpg,"Set on an island off the coast, a techno rave party attracts a diverse group of college coeds and a Coast Guard officer. Soon, they discover that their X-laced escapades are to be interrupted by zombies and monsters that attack them on the ground, from the air, and in the sea, ruled by an evil entity in the House of the Dead... Prequel to the House of the Dead video games.",2003-04-11,90,You won't last the night.,3.211,en,No Category
11069,Tremors 2: Aftershocks,https://image.tmdb.org/t/p/w500//meIuuXHhuDg1iUVOp8fr14XOXR1.jpg,https://image.tmdb.org/t/p/original//AbdOKg1YvPD5TsisOCUhZN7oLiH.jpg,"Those supersucking desert creatures are back --- and this time they're south of the border. As the creatures worm their way through the oil fields of Mexico, the only people who can wrangle them are veteran Earl Bassett and survivalist Burt Gummer. Add to that team a young punk out for cash and a fearless scientist, and the critters don't stand a chance.",1996-04-09,100,The Worms have turned.,6.252,en,No Category
11071,Them!,https://image.tmdb.org/t/p/w500//tP352STF6BvSROi8K3CMM799TVo.jpg,https://image.tmdb.org/t/p/original//bW83NQMHtgFIkDSoZBer4eEnc9V.jpg,"As a result of nuclear testing, gigantic, ferocious mutant ants  appear in the American desert southwest, and a father-daughter team of entomologists join forces with the state police officer who first discovers their existence, an FBI agent and, eventually, the US Army to  eradicate the menace, before it spreads across the continent, and the world.",1954-06-16,94,The Amazing New Warner Bros. Sensation!,6.8,en,No Category
11075,オーディション,https://image.tmdb.org/t/p/w500//3uHGdP7S3TlApsoskvRGhS0x6eu.jpg,https://image.tmdb.org/t/p/original//xmtmZc5aylqDMRKYlU8pmsgG0HF.jpg,"Seven years after the death of his wife, widower Shigeharu seeks advice on how to find a new wife from a colleague. Taking advantage of their position as a film company, they stage an audition. Interviewing a series of women, Shigeharu is enchanted by the quiet Asami. But soon things take a twisted turn as Asami isn’t what she seems to be.",1999-10-06,115,She always gets a part.,7.099,ja,No Category
11082,The Seventh Sign,https://image.tmdb.org/t/p/w500//vAgVzkPmfe2pcgzkpoz8cZ9i9wm.jpg,https://image.tmdb.org/t/p/original//jTKsauSff9iHE4gswdnjXIJNfWN.jpg,"Abby is a pregnant woman with a curious new boarder in the apartment over her garage. Turns out he's heaven-sent and is speeding along the Apocalypse by bloodying rivers, egging on plagues and following scripture word for word.",1988-04-01,97,The seals have been broken. The prophecies have begun. Now only one woman can halt the end of our world.,6.055,en,No Category
11096,Hide and Seek,https://image.tmdb.org/t/p/w500//orY4PX3TNFdCbdVwhKY32UKMvoA.jpg,https://image.tmdb.org/t/p/original//rb72Z88jkQgDZaWvPPnXGvTAmYx.jpg,"David Callaway tries to piece together his life in the wake of his wife's suicide and has been left to raise his nine-year-old daughter, Emily on his own. David is at first amused to discover that Emily has created an imaginary friend named 'Charlie', but it isn't long before 'Charlie' develops a sinister and violent side, and as David struggles with his daughter's growing emotional problems, he comes to the frightening realisation that 'Charlie' isn't just a figment of Emily's imagination.",2005-01-27,101,"Come out, come out, whatever you are.",6.359,en,No Category
11124,The Puzzle,https://image.tmdb.org/t/p/w500/,https://image.tmdb.org/t/p/original/,overview,2008-03-25,5,tagline,7.0,en,No Category
11125,La Sceneggiatura,https://image.tmdb.org/t/p/w500/,https://image.tmdb.org/t/p/original/,overview,2006-08-28,12,tagline,0.0,en,No Category
11126,Amore Estremo,https://image.tmdb.org/t/p/w500/,https://image.tmdb.org/t/p/original/,overview,2006-03-12,24,tagline,2.0,en,No Category
11133,Poltergeist II: The Other Side,https://image.tmdb.org/t/p/w500//n85IZOC8R27TK5T5YaiwCtpvjv7.jpg,https://image.tmdb.org/t/p/original//bZgwlsf0tO1Pj1e2tZhQQ18fpKF.jpg,"The Freeling family move in with Diane's mother in an effort to escape the trauma and aftermath of Carol Anne's abduction by the Beast. But the Beast is not to be put off so easily and appears in a ghostly apparition as the Reverend Kane, a religeous zealot responsible for the deaths of his many followers. His goal is simple - he wants the angelic Carol Anne.",1986-05-23,91,They're back.,6.021,en,No Category
11152,The Ruins,https://image.tmdb.org/t/p/w500//6HpicbiT7xmlMjQXOSCeNoLZGpf.jpg,https://image.tmdb.org/t/p/original//5JVJ1DautDoWLYnuSi0IJnfUHv1.jpg,"Americans Amy, Stacy, Jeff and Eric look for fun during a sunny holiday in Mexico, but they get much more than that after visiting an archaeological dig in the jungle.",2008-04-02,91,Terror has evolved.,5.934,en,No Category
11167,Peeping Tom,https://image.tmdb.org/t/p/w500//rrjg1LQ0C6yBfdguQuTPTWuSP6.jpg,https://image.tmdb.org/t/p/original//to2l5XjusKTekMnVOC0SdplssHR.jpg,"Loner Mark Lewis works at a film studio during the day and, at night, takes racy photographs of women. Also he's making a documentary on fear, which involves recording the reactions of victims as he murders them. He befriends Helen, the daughter of the family living in the apartment below his, and he tells her vaguely about the movie he is making.",1960-05-16,101,What made this the most diabolical murder weapon ever used?,7.47,en,No Category
11186,Child's Play 2,https://image.tmdb.org/t/p/w500//kdnermMCBOnVxjDKA0FV1HZueqg.jpg,https://image.tmdb.org/t/p/original//fNkt4S5iXgBD4ea5bP9MZRHO8su.jpg,"When Andy’s mother is admitted to a psychiatric hospital, the young boy is placed in foster care, andChucky, determined to claim Andy's soul, is not far behind.",1990-11-09,84,Sorry Jack... Chucky's back!,6.2,en,No Category
11187,Child's Play 3,https://image.tmdb.org/t/p/w500//rHUOQShfzQTdE625cqwZoIOTvik.jpg,https://image.tmdb.org/t/p/original//8kZT97Ml1ZyawrfHCajmP2b0wPC.jpg,"Eight years have passed since the events of the second film. Chucky has been resurrected once again and seeks revenge on Andy, his former owner, who is now a teenager enrolled in military school.",1991-08-30,90,There comes a time to put away childhood things. But some things won't stay put!,5.9,en,No Category
11217,Club Dread,https://image.tmdb.org/t/p/w500//9slWyVotwxZNthMcKoeFaK3tgNz.jpg,https://image.tmdb.org/t/p/original//fatxp3PJyvLppMBQsSh5qJvso9d.jpg,When a serial killer interrupts the fun at the swanky Coconut Pete's Coconut Beach Resort -- a hedonistic island paradise for swingers --- it's up to the club's staff to stop the violence ... or at least hide it!,2004-02-27,104,A vacation to die for.,5.148,en,No Category
11226,Nude per l'assassino,https://image.tmdb.org/t/p/w500//kLReiTohttxm8oYJ6sdBIo4trNb.jpg,https://image.tmdb.org/t/p/original//rnjMuuCNtaRl60YOpmY6UQ5SYKM.jpg,"A fashion model dies during a botched abortion, and the people closely connected to her are murdered one by one.",1975-08-24,98,Welcome to the Slashwalk!,5.444,it,No Category
11237,Anacondas: The Hunt for the Blood Orchid,https://image.tmdb.org/t/p/w500//gTlVy3wUApAanIAPdx3yz0YOROD.jpg,https://image.tmdb.org/t/p/original//k1XtfdHiBfdkf0p3olGIljGpA0w.jpg,"The blood orchid - a rare flower that could hold the secret of eternal life and be worth a fortune to the company that finds it first. Led by a pharmaceutical research team, a scientific expedition sets out to go and explore deep into the jungles of Borneo to locate and bring back samples of the legendary plant. Battling through rainstorms to make their way upriver, the group encounters poisonous insects and a ferocious crocodile, only to discover they're being stalked by an even greater danger: a gathering of giant anacondas. Heat-sensing, fifty-foot-long flesh eaters that will go after anyone that crosses in their path.",2004-08-25,94,The hunters will become the hunted.,5.425,en,No Category
11246,Hellraiser: Hellseeker,https://image.tmdb.org/t/p/w500//nFo3rx8pNCRGQkLjBSWxQ6hNL9t.jpg,https://image.tmdb.org/t/p/original//9yL5iOq5sLZdZOemXvSLBIw3elj.jpg,"Kirsty Cotton is now all grown up and married. Her memory of the events that took place back at her parent's home and the mental institution have dimmed, but she is still traumatized. A fatal car crash kills Kirsty. Now, her husband finds himself in a strange world full of sexy women, greed and murder, making him believe that he is in hell.",2002-10-15,89,Evil. Deadly. Immortal.,4.918,en,No Category
11249,Seed of Chucky,https://image.tmdb.org/t/p/w500//vd9K93gQ9whMKjXzADZanxWpIXM.jpg,https://image.tmdb.org/t/p/original//356j50BKkfGMocj2wGfTPYaSIcN.jpg,"This time around, Chucky and his homicidal honey, Tiffany, are brought back to life by their orphan offspring, Glen. Then the horror goes Hollywood as Chucky unleashes his own brand of murderous mayhem!",2004-11-12,87,Time to raise some hell.,5.433,en,No Category
11252,Psycho,https://image.tmdb.org/t/p/w500//xpLyh5jcjNgUfRy6zeGvAx3Td5B.jpg,https://image.tmdb.org/t/p/original//9t8Rli821aLGcyvHMFLIwxVZgJV.jpg,"A young female embezzler arrives at the Bates Motel, which has terrible secrets of its own.  Although this version is in color, features a different cast, and is set in 1998, it is closer to a shot-for-shot remake than most remakes, Gus Van Sant often copying Hitchcock's camera movements and editing, and Joseph Stefano's script is mostly carried over. Bernard Herrmann's musical score is reused as well, though with a new arrangement by Danny Elfman and recorded in stereo.",1998-12-04,105,Check in. Relax. Take a shower.,5.136,en,No Category
11253,Hellboy II: The Golden Army,https://image.tmdb.org/t/p/w500//582tPE3faoiVpECMdGCNFxVwe70.jpg,https://image.tmdb.org/t/p/original//44Nxgb2yGPfopdD2k7yZXpiZPYJ.jpg,"Hellboy, his pyrokinetic girlfriend, Liz, and aquatic empath, Abe Sapien, face their biggest battle when an underworld elven prince plans to reclaim Earth for his magical kindred. Tired of living in the shadow of humans, Prince Nuada tries to awaken an ancient force of killing machines, the all-powerful Golden Army, to clear the way for fantasy creatures to roam free. Only Hellboy can stop the dark prince and prevent humanity's annihilation.",2008-07-11,120,Believe it or not... He's the good guy.,6.749,en,No Category
11281,Halloween II,https://image.tmdb.org/t/p/w500//gL3dPbbZInWn4U9jd87uoFGOdot.jpg,https://image.tmdb.org/t/p/original//6NfnrrZNzJzgXFHOHMrEFSdZqe8.jpg,"After failing to kill stubborn survivor Laurie and taking a bullet or six from former psychiatrist Dr. Sam Loomis, Michael Myers has followed Laurie to the Haddonfield Memorial Hospital, where she's been admitted for Myers' attempt on her life. The institution proves to be particularly suited to serial killers, however, as Myers cuts, stabs and slashes his way through hospital staff to reach his favorite victim.",1981-10-30,92,The nightmare isn't over!,6.556,en,No Category
11284,Freddy's Dead: The Final Nightmare,https://image.tmdb.org/t/p/w500//e4qh58n2WaG4Gyh9VhjOUeN9Mhv.jpg,https://image.tmdb.org/t/p/original//6bK8SrTkcdpE6Ild4NdJtZFL1Rg.jpg,"Just when you thought it was safe to sleep, Freddy Krueger returns in this sixth installment of the Nightmare on Elm Street films, as psychologist Maggie Burroughs, tormented by recurring nightmares, meets a patient with the same horrific dreams. Their quest for answers leads to a certain house on Elm Street -- where the nightmares become reality.",1991-09-05,89,They saved the best for last.,5.3,en,No Category
11298,The Howling,https://image.tmdb.org/t/p/w500//dEFMku7o825YhyUEHSlkvLDz1Dt.jpg,https://image.tmdb.org/t/p/original//tBDEDb84uFxNfvH2jjuYEVv6CtT.jpg,"After a bizarre and near fatal encounter with a serial killer, a newswoman is sent to a rehabilitation center whose inhabitants may not be what they seem.",1981-01-21,91,Imagine your worst fear a reality,6.57,en,No Category
11303,Promenons-nous dans les bois,https://image.tmdb.org/t/p/w500//iF03JebY67u0RPz8J5zMXUboew5.jpg,https://image.tmdb.org/t/p/original//aJb3VqKTyqYVqSdhkqZ1melf44h.jpg,"A group of artists, composed of the young actors Wilfried and Matthieu and the actresses Sophie, Mathilde and the dumb Jeanne, is hired by a millionaire, Axel de Fersen, to present a performance of Little Red Riding Hood in his isolated castle to celebrate the birthday of his grandson. Meanwhile, the police advises that a serial killer is raping and killing young women in the woods around that area. During the night, the group feels trapped and threatened in the castle, guessing who is and where might be the killer.",2000-06-13,90,tagline,3.7,fr,No Category
11309,Hardware,https://image.tmdb.org/t/p/w500//29WnkQ9wlvPCWEuWl7d2gtSZHQX.jpg,https://image.tmdb.org/t/p/original//nC1qaINaRBY1crPCQoFVPhSrq16.jpg,"Mark 13 is a government-built killing machine programmed with artificial intelligence, able to repair and recharge itself from any energy source. Through a series of coincidences, the cyborg's head ends up in the home of a sculptress as a bizarre Christmas present from her boyfriend. Once inside its new home, the cyborg promptly reconstructs the rest of its body using a variety of household utensils and proceeds to go on a murderous rampage.",1990-09-14,93,You can't stop progress.,5.929,en,No Category
11336,The Dead Zone,https://image.tmdb.org/t/p/w500//9yTVaeS8eIkOpbwIycVFm7EQrgF.jpg,https://image.tmdb.org/t/p/original//icvgQHxrKEDx92VQ5WHiEmEAUKH.jpg,"Johnny Smith is a schoolteacher with his whole life ahead of him but, after leaving his fiancee's home one night, is involved in a car crash which leaves him in a coma for 5 years. When he wakes, he discovers he has an ability to see into the past, present and future life of anyone with whom he comes into physical contact.",1983-10-21,103,"In his mind, he has the power to see the future. In his hands, he has the power to change it.",7.013,en,No Category
11342,Warlock,https://image.tmdb.org/t/p/w500//1QHjr4lBd3vBN4kEqdDFlnJbsa7.jpg,https://image.tmdb.org/t/p/original//tVQjkTxxg7t17Fgp4qyii89pCH2.jpg,"In 17th century New England, witch hunter Giles Redferne captures an evil warlock, but the conjurer eludes death with supernatural help. Flung into the future, the warlock winds up in the 1980s and plans to bring about the end of the world. Redferne follows the enchanter into the modern era and continues his mission, but runs into trouble in such unfamiliar surroundings. With the help of a young woman, can Redferne finally defeat the warlock?",1989-06-01,103,Satan also has one son.,6.326,en,No Category
11345,The Zodiac,https://image.tmdb.org/t/p/w500//itWcwDga192na5owOO0eTrWNR7D.jpg,https://image.tmdb.org/t/p/original//uN5lr3Suvn1zdVeOnWpi0VZkLF0.jpg,"An elusive serial killer known as the Zodiac terrorizes the San Francisco Bay in the late 1960s, while detectives aim to stop him before he claims more victims. Based on a true story.",2005-07-31,92,tagline,5.509,en,No Category
11347,The Lair of the White Worm,https://image.tmdb.org/t/p/w500//bhL5Z8srwSXJuosfBqei9Dxv41C.jpg,https://image.tmdb.org/t/p/original//eeBXjRQikfiIlagI0EWTAE1ymLr.jpg,"When an archaeologist uncovers a strange skull in a foreign land, the residents of a nearby town begin to disappear, leading to further inexplicable occurrences.",1988-09-21,93,Some legends really bite.,5.9,en,No Category
11348,Fragile,https://image.tmdb.org/t/p/w500//s7gCOegufXiQR48IhuTsPNy0Fav.jpg,https://image.tmdb.org/t/p/original//laHt3sEdpLt8Y1vrY8B13woemYw.jpg,"Haunted by memories of a patient's death, a nurse  takes a job at an antiquated hospital for children. Soon she learns that the kids fear a ghost that prowls the floors and will not allow anyone to leave. Amy tries to protect them and convince the other staffers of the evil that lurks there.",2005-10-14,101,A ghost story.,6.519,en,No Category
11351,Jeepers Creepers 2,https://image.tmdb.org/t/p/w500//u2ghDfjcs3y5c8ata3COc4pWiAN.jpg,https://image.tmdb.org/t/p/original//htxYA3QbzttYJ8BPxjFUl6h4GD9.jpg,"When their bus is crippled on the side of a deserted road, a team of high school athletes discover an opponent they cannot defeat – and may not survive. Staring hungrily at them through the school bus windows, The Creeper returns again and again. But when the teammates discover that it’s selective about whom it attacks, it will test their ability to stick together – as the insatiable menace tries to tear them apart!",2003-08-08,104,He can taste your fear.,6.121,en,No Category
11357,Halloween 4: The Return of Michael Myers,https://image.tmdb.org/t/p/w500//eFSOkXF9n9hsfGv45MDsPixiOyx.jpg,https://image.tmdb.org/t/p/original//2mwRM3Ycjf23qX7s6PJDWnZq5tO.jpg,"The apparently comatose Michael Myers is being transferred from one hospital to another, but he wakes up when the ambulance crew talk about his surviving niece, Jamie. After slaughtering his attendants, Myers sets out to find his one living relative who is, fortunately, being cared for by a kind and resourceful foster sister named Rachel. Meanwhile, the ever-cautious Dr. Loomis remains on the killer's path.",1988-10-21,88,Horror has returned to Haddonfield.,6.209,en,No Category
11361,Halloween 5: The Revenge of Michael Myers,https://image.tmdb.org/t/p/w500//rYvP6yMXCIVHnkVtwGaAXFmpzkB.jpg,https://image.tmdb.org/t/p/original//AbxX6yknCzrS2Uu67IN4HVbqKez.jpg,"Presumed dead after a shoot-out with the Haddonfield police, Michael Myers is secretly nursed back to health — and returns a year later to kill again and once more targets his young niece, Jamie. Jamie is now recovering in the local children's hospital after attacking her stepmother and losing her voice. Her mental link with her evil uncle may be the key to uprooting her family tree.",1989-10-12,97,"Michael Lives, And This Time They're Ready!",5.38,en,No Category
11366,うずまき,https://image.tmdb.org/t/p/w500//71SkvX0U1FinnoQkDAtrNyrYhtT.jpg,https://image.tmdb.org/t/p/original//ju66IP5AkqoHthl0T7efb7qosnS.jpg,The inhabitants of a small Japanese town become increasingly obsessed with and tormented by spirals.,2000-02-11,90,Out of this world.,5.9,ja,No Category
11376,The Pool,https://image.tmdb.org/t/p/w500//nTsnm6cEP9wiSggBByQ05EVusw.jpg,https://image.tmdb.org/t/p/original/,International students at an elite Prague school are stalked and murdered by a masked killer while holding a party in an abandoned water park.,2001-10-04,89,Evil has surfaced.,5.1,en,No Category
11377,House on Haunted Hill,https://image.tmdb.org/t/p/w500//weiGTsZqBglKxkIn5xj1nEjxn81.jpg,https://image.tmdb.org/t/p/original//gxZ478weUdq3tiDG348lqlpSE5F.jpg,An amusement park mogul offers a random group of diverse people $1 million to spend the night in a decrepit former mental institution.,1999-10-29,93,Evil loves to party.,5.595,en,No Category
11380,Bones,https://image.tmdb.org/t/p/w500//noxwkjcderkf2HNtVId2JK4ZoPb.jpg,https://image.tmdb.org/t/p/original//mtgLSNVYWVvyPnASaW5cmcXDvZz.jpg,"Over 20 years after his death, local legend and benefactor Jimmy Bones returns as a ghost to avenge those who killed him and restore his neighborhood",2001-10-24,96,Unleash the Dogg.,4.609,en,No Category
11415,House,https://image.tmdb.org/t/p/w500//ysIPmxLVYYvTUaOwEsLjF7nEf4C.jpg,https://image.tmdb.org/t/p/original//dQ1NwW8LE4PR8UfLEf8eAQpgTpG.jpg,"Roger Cobb is an author who has just separated from his wife. He moves into a new house and tries to work on a novel based on his experiences in the Vietnam War. Strange things start happening around him; little things at first, but as they become more frequent, Cobb becomes aware that the house resents his presence.",1986-02-27,93,"Ding dong, You’re dead.",6.118,en,No Category
11417,De Lift,https://image.tmdb.org/t/p/w500//33b8JpZPoECFj4dB1U6rhbl8AHo.jpg,https://image.tmdb.org/t/p/original//pEmHRVpaE1Btys9VE5AgiXog7V3.jpg,A lift technician finds himself drawn into a web of mystery and peril as he investigates the perplexing deadly accidents occurring in the elevators of a new office building.,1983-05-11,95,"Take the stairs, take the stairs. For God's sake, take the Stairs!!!",5.8,nl,No Category
11427,Dead End,https://image.tmdb.org/t/p/w500//3TEqyuJfT4IcZbDE9Xc4KRxi8au.jpg,https://image.tmdb.org/t/p/original//sjJAg4h6bvEET0YsOU2u83Mlr0X.jpg,"Christmas Eve. On his way to his in-laws with his family, Frank Harrington decides to try a shortcut, for the first time in 20 years. It turns out to be the biggest mistake of his life.",2003-09-26,83,Read the signs.,6.4,en,No Category
11428,Sleepwalkers,https://image.tmdb.org/t/p/w500//iiwplv5pET2HgMog6otunohIiSr.jpg,https://image.tmdb.org/t/p/original//aCWcSIEA90mZNj3nlFciLcvFp0Z.jpg,"Charles Brady and his mother, Mary, are the last of a dying breed whose needs are not of this world.  They are Sleepwalkers - able to stay alive only by feeding on the life-force of the innocent, but destined to roam the earth, avoiding discovery while searching for their next victim.  That search takes them to the sleepy little town of Travis, Indiana, where beautiful teenager Tanya Robertson is about to become an unwilling pawn in their nightmarish fight for survival.",1992-04-10,91,The first Stephen King story written expressly for the scream.,6.057,en,No Category
11429,Beyond Re-Animator,https://image.tmdb.org/t/p/w500//6R5s28jsY5rdxiYApbMX2bh3VNL.jpg,https://image.tmdb.org/t/p/original//1eJt8dcoraOUKGH2DOFiBCvEK3f.jpg,"Once again tampering with mother nature to disastrous results, Dr. Herbert West continues his research while serving time in a maximum security prison for his previous exploits. West's limited prison-cell experiments are suddenly interrupted by the arrival of a new prison doctor and the brother of the girl who suffered from West's experiments 13 years earlier.",2003-04-04,95,"They Thought Prison Would Be The Death Of Him. But For Dr. West, Death Is Only The Beginning.",6.008,en,No Category
11442,Halloween: Resurrection,https://image.tmdb.org/t/p/w500//1mlKwbNzJCGzqe4i0ZEJtUUL290.jpg,https://image.tmdb.org/t/p/original//jnSB3v76tGte9lzHS1XLGu75oaT.jpg,"Serial Killer Michael Myers is not finished with Laurie Strode, and their rivalry finally comes to an end. But is this the last we see of Myers? Freddie Harris and Nora Winston are reality programmers at DangerTainment, and are planning to send a group of 6 thrill-seeking teenagers into the childhood home of Myers. Cameras are placed all over the house and no one can get out of the house... and then Michael arrives home!",2002-07-01,94,Evil finds its way home.,4.6,en,No Category
11449,The Amityville Horror,https://image.tmdb.org/t/p/w500//7VMscq0659xKmcXzd86de1DGV4W.jpg,https://image.tmdb.org/t/p/original//upp0mrjRgOijzP95icIrOGprdbT.jpg,George Lutz and his wife Kathleen move into their Long Island dream house with their children only for their lives to be turned into a hellish nightmare. The legacy of a murder committed in the house gradually affects the family and a priest is brought in to try and exorcise the demonic presence from their home.,1979-07-26,118,"For God's sake, get out!",6.295,en,No Category
11454,Manhunter,https://image.tmdb.org/t/p/w500//6rb24x39vV8n5301IelC8rCPJTH.jpg,https://image.tmdb.org/t/p/original//qrqzFs8MURQSoFEEO87aVjzAM2f.jpg,"FBI Agent Will Graham, who retired after catching Hannibal Lecktor, returns to duty to engage in a risky cat-and-mouse game with Lecktor to capture a new killer.",1986-08-14,120,"It's just you and me now, sport…",7.007,en,No Category
11470,Jason X,https://image.tmdb.org/t/p/w500//g50BkeMOO5ZXcT0B9OBGS4VLvBc.jpg,https://image.tmdb.org/t/p/original//e1zfnkOBvGBeydFWCXFuTp9o8KW.jpg,"In the year 2455, Old Earth is now a contaminated planet abandoned for centuries -- a brown world of violent storms, toxic landmasses and poisonous seas. Yet humans have returned to the deadly place that they once fled, not to live, but to research the ancient, rusting artifacts of the long-gone civilizations. But it's not the harmful environment that could prove fatal to the intrepid, young explorers who have just landed on Old Earth. For them, it's Friday the 13th, and Jason lives!",2001-11-09,91,Evil has an upgrade.,4.836,en,No Category
11481,Repulsion,https://image.tmdb.org/t/p/w500//dtyCKEPLqv9wxyVazL4b843vtUb.jpg,https://image.tmdb.org/t/p/original//5rbPwIdEZTyLTkpAgvGdacgCr7T.jpg,"Beautiful young manicurist Carole suffers from androphobia (the pathological fear of interaction with men). When her sister and roommate, Helen, leaves their London flat to go on an Italian holiday with her married boyfriend, Carole withdraws into her apartment. She begins to experience frightful hallucinations, her fear gradually mutating into madness.",1965-06-01,105,The nightmare world of a virgin's dreams becomes the screen's shocking reality!,7.471,en,No Category
11482,Le locataire,https://image.tmdb.org/t/p/w500//4Qhzb1ICFMqE3isWoln497qSH7n.jpg,https://image.tmdb.org/t/p/original//zUUlresMvmw3ckTfag7k2FEzuik.jpg,A quiet and inconspicuous man rents an apartment in France where he finds himself drawn into a rabbit hole of dangerous paranoia.,1976-05-26,126,How could he escape from his nightmares?,7.683,en,No Category
11494,Wilderness,https://image.tmdb.org/t/p/w500//sLtUVG7ORbTJueTmIWpO4YeHayS.jpg,https://image.tmdb.org/t/p/original//AcLIOBgNwZziegEEuAjpfoWsbKC.jpg,"Juvenile delinquents are sent to a small British island after a fellow prisoner's death, where they must fight for survival.",2006-08-11,94,It's not about revenge. It's about punishment.,6.091,en,No Category
11495,Firestarter,https://image.tmdb.org/t/p/w500//2ux5lqNuibd8eOkwwUhzfzAJBqD.jpg,https://image.tmdb.org/t/p/original//uPZTWjzFC1GeYDVaaqPKZgoBWgl.jpg,"As youths, Andy McGee and his future wife, Vicky, participated in secret experiments, allowing themselves to be subjected to mysterious medical tests. Years later, the couple's daughter, Charlie, begins to exhibit the ability of setting fires solely with her mind. This volatile talent makes the youngster extremely dangerous and soon she becomes a target for the enigmatic agency known as ""The Shop.""",1984-05-11,114,Will she have the power... to survive?,6.301,en,No Category
11503,The Serpent and the Rainbow,https://image.tmdb.org/t/p/w500//f0n0CDxtrBcIow6yzoORVVhRxYT.jpg,https://image.tmdb.org/t/p/original//z0ALFPZjhaAQjXThyMO9b3dIrz4.jpg,"A Harvard anthropologist is sent to Haiti to retrieve a strange powder that is said to have the power to bring human beings back from the dead. In his quest to find the miracle drug, the cynical scientist enters the rarely seen netherworld of walking zombies, blood rites and ancient curses. Based on the true life experiences of Wade Davis and filmed on location in Haiti, it's a frightening excursion into black magic and the supernatural.",1988-02-05,98,Don't Bury Me...I'm Not Dead!,6.415,en,No Category
11508,Addams Family Reunion,https://image.tmdb.org/t/p/w500//XtfNBKnLDpg1waJhDF5FAd5OEX.jpg,https://image.tmdb.org/t/p/original//hz95xUI0MhXTpRGjfnT0HkDijtV.jpg,"The Addams Family goes on a search for their relatives. Gomez and Morticia are horrified to discover that Grandpa and Grandma Addams have a disease that is slowly turning them ""normal"". The only chance they have of a cure is to find a family member hoping that they know a home remedy.",1998-12-24,91,Some families have all the fun.,4.84,en,No Category
11510,Repossessed,https://image.tmdb.org/t/p/w500//jDTP5KgWwvuKfOyJ2PJfTqVYnxJ.jpg,https://image.tmdb.org/t/p/original//aNj3YueOCMXzhjyD3qMjLmzzTWk.jpg,"It's been some time since Father Jebedaiah Mayii exorcised the Devil from little Nancy Aglet, who is now grown up with a husband and two children of her own. But the prince of darkness wants to go a second round and has returned to repossess her! With Father Mayii unwilling to help, Father Luke Brophy tries his best to help Nancy, even when TV's Ernest Weller plans to air the exorcism live on TV.",1990-09-14,80,The Devil's back. But he's never dealt with an exorcist like this!,5.118,en,No Category
11525,Lawnmower Man 2: Beyond Cyberspace,https://image.tmdb.org/t/p/w500//nsKDpcdC62krEPlCKKjLSHuMwwu.jpg,https://image.tmdb.org/t/p/original//zZFmDWoOV8Eq6qBIHNDVv9kflM7.jpg,"Jobe is resuscitated by Jonathan Walker. He wants Jobe to create a special computer chip that would connect all the computers in the world into one network, which Walker would control and use. But what Walker doesn't realize is a group of teenage hackers are on to him and out to stop his plan.",1996-01-12,92,"God made him simple. Science made him a god. Now, he wants revenge.",2.91,en,No Category
11531,Book of Shadows: Blair Witch 2,https://image.tmdb.org/t/p/w500//l1jF93S9FYbzp3Byh5VUA1KApSJ.jpg,https://image.tmdb.org/t/p/original//unVjWj6KsRXk67pEkBfxflpbyRV.jpg,"Young adults become fascinated by the events of the three missing filmmakers in Maryland, so they decide to go into the same woods and find out what really happened.",2000-10-27,90,Evil Doesn't Die.,4.244,en,No Category
11542,Altered States,https://image.tmdb.org/t/p/w500//1iZBJcFJFupnxrSCwQIrtVgsrkA.jpg,https://image.tmdb.org/t/p/original//ivgNm4ICvwbrlV6crntR4F7lKgL.jpg,"A research scientist explores the boundaries and frontiers of consciousness. Using sensory deprivation and hallucinogenic mixtures from native American shamans, he explores these altered states of consciousness and finds that memory, time, and perhaps reality itself are states of mind.",1980-12-25,102,A dream is the key that unlocks the mysteries of the waking world.,6.709,en,No Category
11547,Cabin Fever,https://image.tmdb.org/t/p/w500//vaUkSL7PbeeKfdFKOh9TYR9M1ds.jpg,https://image.tmdb.org/t/p/original//1xoUOgIrL1An5oSTzz9VEeKSZTM.jpg,"A group of five college graduates rent a cabin in the woods and begin to fall victim to a horrifying flesh-eating virus, which attracts the unwanted attention of the homicidal locals.",2002-09-14,93,Terror… in the flesh.,5.651,en,No Category
11549,Invasion of the Body Snatchers,https://image.tmdb.org/t/p/w500//8BrMQmgwGzIHSyBjCDOLOdi79fJ.jpg,https://image.tmdb.org/t/p/original//1qG8TfiE5mCMdaqrFioaGmhBrpY.jpg,A small-town doctor learns that the population of his community is being replaced by emotionless alien duplicates.,1956-02-05,80,There was nothing to hold onto - except each other.,7.482,en,No Category
11569,Hellraiser III: Hell on Earth,https://image.tmdb.org/t/p/w500//eBKrmVD29BQGDlWQJ3rKS8cmPGh.jpg,https://image.tmdb.org/t/p/original//kZY6JbihG9lqiOpYqU33XGfI4PW.jpg,"Pinhead is trapped in the Pillar of Souls. Fortunately for him it is bought by a young playboy who owns his own nightclub. Pinhead busies himself escaping by getting the playboy to lure victims to his presence so he can use their blood. Once free, he seeks to destroy the puzzle box so he need never return to Hell, but a female reporter is investigating the grisly murders and stands in his way.",1992-09-11,93,"What started in hell, will end on Earth.",5.65,en,No Category
11586,Exorcist II: The Heretic,https://image.tmdb.org/t/p/w500//g9i3LTMYLRHvCYSKimZEfd1Vqy7.jpg,https://image.tmdb.org/t/p/original//wyRJPq5lUy7V5ETiiwihff9wl3G.jpg,"Bizarre nightmares plague Regan MacNeil four years after her possession and exorcism. Has the demon returned? And if so, can the combined faith and knowledge of a Vatican investigator and a hypnotic research specialist free her from its grasp?",1977-06-17,118,It's Four Years Later...What Does She Remember?,4.525,en,No Category
11587,The Exorcist III,https://image.tmdb.org/t/p/w500//bl6nSPcyqz6xD2Igd2VQvz8qWo0.jpg,https://image.tmdb.org/t/p/original//lEiEC0VbRbht1OiUCgwDFGVFPRL.jpg,"Fifteen years after the original film, the philosophical Lieutenant William F. Kinderman is investigating a baffling series of murders on Georgetown that all contain the hallmarks of The Gemini, a deceased serial killer. His investigation eventually leads him to a catatonic patient in a psychiatric hospital who has recently started to speak, claiming he is The Gemini and detailing the murders, but bears a striking resemblance to Father Damien Karras.",1990-08-17,110,Do you dare walk these steps again?,6.2,en,No Category
11596,New Nightmare,https://image.tmdb.org/t/p/w500//eN3UZUYapJ2CJCD9dN0LUZLouKa.jpg,https://image.tmdb.org/t/p/original//qusjc74SWvno7g8EeHww3UVfzZp.jpg,A demonic force has chosen Freddy Krueger as its portal to the real world. Can Heather Langenkamp play the part of Nancy one last time and trap the evil trying to enter our world?,1994-10-13,112,This time the terror doesn't stop at the screen.,6.441,en,No Category
11601,Stir of Echoes,https://image.tmdb.org/t/p/w500//9CyJ5aYF27cITX1WSUTENeP4wBE.jpg,https://image.tmdb.org/t/p/original//np2grTwcwnbRRJlWRl6Ou3KaV3S.jpg,"After being hypnotized by his sister in law, Tom Witzky begins seeing haunting visions of a girl's ghost and a mystery begins to unfold around her.",1999-09-10,99,In every mind there is a door that should never be opened.,6.659,en,No Category
11607,DeepStar Six,https://image.tmdb.org/t/p/w500//lggoI5H7Dgmdz0Arfi07eOGxXVu.jpg,https://image.tmdb.org/t/p/original//nC15YUPsHVmdoj1CJhevZ8nEiDV.jpg,The crew of an experimental underwater nuclear base are forced to struggle for their lives when their explorations disturb a creature who threatens to destroy their base.,1989-01-13,105,Not All Aliens Come From Space. Save Your Last Breath... To Scream.,5.494,en,No Category
11618,The Haunting,https://image.tmdb.org/t/p/w500//ihCDU8FulNvHQFqs01cEc7CE3zq.jpg,https://image.tmdb.org/t/p/original//acloCJG7yIvM8M8lh6GuuohlGJR.jpg,Dr. David Marrow invites three distinct individuals to the eerie and isolated Hill House to be subjects for a sleep disorder study. The unfortunate guests discover that Marrow is far more interested in the sinister mansion itself — and they soon see the true nature of its horror.,1999-07-23,113,Some houses are born bad.,5.445,en,No Category
11623,The Medusa Touch,https://image.tmdb.org/t/p/w500//sk523UMvmmiFMsGKxerGiwSQWdZ.jpg,https://image.tmdb.org/t/p/original//7aY1ji2fVHVTAW9DjkpFvPMyLi9.jpg,A French detective in London reconstructs the life of a man lying in hospital with severe injuries with the help of journals and a psychiatrist. He realises that the man had powerful telekinetic abilities.,1978-04-13,109,Richard Burton is the man with the medusa touch... he has the power to create catastrophe.,6.901,en,No Category
11629,Legion of the Dead,https://image.tmdb.org/t/p/w500//7altpm0i6xJYN6nT6oN7Thh2TAw.jpg,https://image.tmdb.org/t/p/original/,"Two guys, handsome William and his side kick Luke have just started their trip through the beautiful California desert when they're kidnapped by the notorious Psycho Mike, The Kern River Killer. Securing their escape through hilarious means and the aid of an old friend they soon stumble into a small desert town where unbeknownst to them a mysterious tall Blond Man and his sadistic henchmen are killing people to create a Legion of the dead. Here's where it gets tricky. William falls in love with Geena, the beautiful waitress at the local restaurant and Luke spins out of control hormonally. The restaurant is suddenly attacked by the LEGION and the tall Blond Man gives an ultimatum to hand over Geena within two hours or he will personally come in to get her. What is the mysterious secret that Geena and the Blond Man share? The clock ticks as the ultimatum draws near. The fight against evil has just begun...",2001-08-09,89,tagline,4.3,en,No Category
11654,The Hunger,https://image.tmdb.org/t/p/w500//fv83BVy6t1dcvPiBX5TBpgLZYcX.jpg,https://image.tmdb.org/t/p/original//ypxHyok9dSz9HZ3uZkzNK5OQe7m.jpg,"Miriam promises her lovers the gift of eternal life, but John, her companion for centuries, suddenly discovers that he is getting old minute by minute, so he looks for Dr. Sarah Roberts, a researcher on the mechanisms of aging, and asks her for help.",1983-04-29,97,Nothing human loves forever.,6.636,en,No Category
11655,Cronos,https://image.tmdb.org/t/p/w500//gsJA1Y025p9uIht4hsJXQrvgC8n.jpg,https://image.tmdb.org/t/p/original//oCT4DGNRkfydLBc3qtICM0vmAZs.jpg,"Faced with his own mortality, an ingenious alchemist tried to perfect an invention that would provide him with the key to eternal life. It was called the Cronos device. When he died more than 400 years later, he took the secrets of this remarkable device to the grave with him. Now, an elderly antiques dealer has found the hellish machine hidden in a statue and learns about its incredible powers. The more he uses the device, the younger he becomes...but nothing comes without a price. Life after death is just the beginning as this nerve-shattering thriller unfolds and the fountain of youth turns bloody.",1993-11-05,94,An ancient device. A modern discovery. A terrifying tale of the eternal.,6.663,es,No Category
11662,CASSHERN,https://image.tmdb.org/t/p/w500//naIjHWfQFge69GqeehgsekwDkbl.jpg,https://image.tmdb.org/t/p/original//nOovQqWWrGRkEkefR19syGO5a9i.jpg,"Fifty years of war between the Great Eastern Federation and Europa - now merged as Eurasia - have taken their toll on planet Earth. As a result of the use of biological, chemical and nuclear weapons, much of Earth has become uninhabitable and people have become prey to new diseases. Professor Azuma's ""neo-cell"" project, which is supposed to be the answer to mankind's hardships, becomes a nightmare come true when mutants spawned from the experiment escape and declare war on the human race. Azuma's son Tetsuya, who was killed during the previous war, is reborn into the cyborg Casshern as mankind's last hope against the new mutant threat. This live-action sci-fi movie based on a 1973 Japanese animé of the same name.",2004-04-24,141,When a hero falls a legend will rise,5.877,ja,No Category
11669,Le démon dans l'île,https://image.tmdb.org/t/p/w500//lfweLuePgIjQLpuB9rkJjr4D8CQ.jpg,https://image.tmdb.org/t/p/original//lXYiKLenEBKpo2PgnIPb5cCpoy1.jpg,"An epidemic of appliance madness unrelated to discount sales strikes an island off the coast of France: the islanders are being murderously attacked by ovens and refrigerators acquired in the same department store. Enter the young Dr. Gabrielle Martin (Anny Duperey), who arrives here to escape her own personal tragedy and instead lands in the middle of the kitchen mania. She tracks down the cause of the rapidly spreading epidemic to another doctor on the island — quite as insane as any of the kitchen appliances (if the comparison could be made) — and finds that the villainous doctor and the appliances have a most unusual link. Graphic scenes of mutilation by an oven, as one example, leave nothing much to the imagination in this film, but the interpretations of actors Anny Duperey and Jean-Claude Brialy as the good and evil doctors are excellent.",1983-03-30,102,Crazy appliances,5.7,fr,No Category
11675,Halloween H20: 20 Years Later,https://image.tmdb.org/t/p/w500//lqLXUm3oK59sGJKRH2Zjj2m3iMg.jpg,https://image.tmdb.org/t/p/original//vYjsyyzbU2AAB8LDFrXlla93bv6.jpg,"Two decades after surviving a massacre on October 31, 1978, former baby sitter Laurie Strode finds herself hunted by persistent knife-wielder Michael Myers. Laurie now lives in Northern California under an assumed name, where she works as the headmistress of a private school. But it's not far enough to escape Myers, who soon discovers her whereabouts. As Halloween descends upon Laurie's peaceful community, a feeling of dread weighs upon her -- with good reason.",1998-08-05,86,Blood is thicker than Water.,6.031,en,No Category
11683,Land of the Dead,https://image.tmdb.org/t/p/w500//7avtAffAlnBOufpyNyUa788JjJm.jpg,https://image.tmdb.org/t/p/original//oOZtWMhJft0QvPcnJXFgGlt0Jn7.jpg,"The world is full of zombies and the survivors have barricaded themselves inside a walled city to keep out the living dead. As the wealthy hide out in skyscrapers and chaos rules the streets, the rest of the survivors must find a way to stop the evolving zombies from breaking into the city.",2005-06-18,93,The Dead Shall Inherit the Earth.,6.183,en,No Category
11717,Det parallelle lig,https://image.tmdb.org/t/p/w500//yfVmKMqbhNdXlgzQGw2tYrL14Ux.jpg,https://image.tmdb.org/t/p/original/,overview,1982-03-05,113,tagline,3.0,da,No Category
11773,Village of the Damned,https://image.tmdb.org/t/p/w500//qcpXud1UjQzlSe9A062w8Wqgira.jpg,https://image.tmdb.org/t/p/original//tlQ2OBQAC7woOTZgk1vE9U69vQT.jpg,"In a small English village everyone suddenly falls unconscious. When they awake every woman of child bearing age is pregnant. The resulting children have the same strange blond hair, eyes and a strong connection to each other.",1960-06-16,77,What Demonic Force Lurks Behind Those Eyes?,7.194,en,No Category
11786,Dracula père et fils,https://image.tmdb.org/t/p/w500//23dpJcoZ0OhK57xm21Okz6AMiwr.jpg,https://image.tmdb.org/t/p/original//rRkImlQPef9Y44mQamKQjAVFend.jpg,"With angry villagers driving them away from their castle in Transylvania, Dracula and his son Ferdinand head abroad. Dracula ends up in London, England where he becomes a horror movie star exploiting his vampire status. His son, meanwhile, is ashamed of his roots and ends up a night watchman in Paris, France where he falls for a girl. Naturally, tensions arise when father and son are reunited and both take a liking to the same girl.",1976-09-14,96,tagline,6.5,fr,No Category
11791,The Hound of the Baskervilles,https://image.tmdb.org/t/p/w500//gJNscfPsBnQRdIjjdrTIHVCRwvY.jpg,https://image.tmdb.org/t/p/original//kVZEJSJkcIwNu8zfugHLbcUsbpv.jpg,"When a nobleman is threatened by a family curse on his newly inherited estate, detective Sherlock Holmes is hired to investigate.",1959-05-04,87,The Most Horror-Dripping TALE EVER WRITTEN!,6.9,en,No Category
11797,Fright Night,https://image.tmdb.org/t/p/w500//upVMb3s1RugX4J0O40zfERjPE5N.jpg,https://image.tmdb.org/t/p/original//7LTtUBeHTc4msK3gIpnjKvkPfR.jpg,"Charley Brewster, a high school student, accidentally discovers the true and creepy nature of Jerry Dandrige, his dashing and enigmatic new neighbor; but no one seems willing to believe him.",1985-08-02,107,There are some very good reasons to be afraid of the dark.,7.029,en,No Category
11804,White Noise,https://image.tmdb.org/t/p/w500//8G5OKXjO5iQkuHAgysWRV1bUs1R.jpg,https://image.tmdb.org/t/p/original//71X982Z2hHTRSc2Ez70cpgeGuVu.jpg,"An architect's desire to speak with his wife from beyond the grave using EVP (Electronic Voice Phenomenon), becomes an obsession with supernatural repercussions.",2005-01-07,101,The line separating the living from the dead has been crossed.,5.6,en,No Category
11811,Leprechaun,https://image.tmdb.org/t/p/w500//mIpzSHNX9lQlCKnh1cQwIXDFX5d.jpg,https://image.tmdb.org/t/p/original//qkBWIZRaeMByMkoby48o71zYyA7.jpg,A demonic leprechaun terrorizes a group of young people whom he believes stole his gold.,1993-01-08,91,Your luck just ran out.,5.628,en,No Category
11815,The Fly,https://image.tmdb.org/t/p/w500//kXdBcDh2EbgSIf4Oo1dxKapZM2f.jpg,https://image.tmdb.org/t/p/original//xazdzH2BsKA1bXG0MUVxbyxDuL7.jpg,"Industrialist François Delambre is called late at night by his sister-in-law, Helene Delambre, who tells him that she has just killed her husband, André. Reluctant at first, she eventually explains to the police that André invented a matter transportation apparatus and, while experimenting on himself, a fly entered the chamber during the matter transference.",1958-07-16,94,If she looked upon the horror her husband had become... she would scream for the rest of her life!,7.046,en,No Category
